# Blender 5.1.2
# www.blender.org
mtllib Cloud_Metaball2.mtl
o Mball.011
v -0.600000 2.145250 0.200000
v -0.200000 1.831759 0.200000
v -0.200000 2.188878 0.600000
v -0.213562 2.200000 0.600000
v -0.600000 2.200000 0.258487
v -0.600000 2.403969 0.600000
v -1.000000 2.442810 0.600000
v -1.000000 2.200000 0.204899
v -1.400000 2.324976 0.600000
v -1.400000 2.200000 0.376906
v -1.400000 2.035751 0.200000
v -1.000000 2.195413 0.200000
v -1.400000 1.800000 0.047644
v -1.000000 1.800000 -0.071773
v -1.400000 1.400000 -0.141065
v -1.119348 1.400000 -0.200000
v -1.000000 1.432666 -0.200000
v -1.400000 1.297591 -0.200000
v -1.800000 1.097400 -0.200000
v -1.800000 1.400000 0.121736
v -1.800000 1.000000 -0.325790
v -1.400000 1.000000 -0.429544
v -1.800000 0.796632 -0.600000
v -1.400000 0.824430 -0.600000
v -1.000000 0.851359 -0.600000
v -1.000000 1.000000 -0.471381
v -1.400000 0.600000 -0.811817
v -1.000000 0.600000 -0.818640
v -1.400000 0.247389 -1.000000
v -1.000000 0.240946 -1.000000
v -1.400000 0.200000 -1.015960
v -1.000000 0.200000 -1.012755
v -1.400000 -0.200000 -1.054043
v -1.000000 -0.200000 -1.039227
v -1.400000 -0.456195 -1.000000
v -1.000000 -0.381389 -1.000000
v -1.400000 -0.600000 -0.944024
v -1.000000 -0.600000 -0.910197
v -1.400000 -1.000000 -0.620901
v -1.306777 -1.000000 -0.600000
v -1.000000 -0.956963 -0.600000
v -1.400000 -1.016555 -0.600000
v -0.600000 -0.942065 -0.600000
v -0.600000 -0.600000 -0.918077
v -1.000000 -1.000000 -0.536218
v -0.600000 -1.000000 -0.506258
v -1.000000 -1.145357 -0.200000
v -0.600000 -1.125705 -0.200000
v -0.200000 -1.184429 -0.200000
v -0.200000 -1.000000 -0.552101
v -0.600000 -1.216559 0.200000
v -0.200000 -1.372669 0.200000
v -0.600000 -1.264793 0.600000
v -0.413180 -1.400000 0.600000
v -0.200000 -1.400000 0.261663
v -0.129822 -1.400000 0.200000
v -0.200000 -1.555935 0.600000
v 0.200000 -1.721150 0.600000
v 0.200000 -1.481973 0.200000
v 0.200000 -1.400000 0.069098
v 0.600000 -1.442803 0.200000
v 0.600000 -1.400000 0.146468
v 0.200000 -1.230880 -0.200000
v 0.600000 -1.124030 -0.200000
v 0.707251 -1.400000 0.200000
v 1.000000 -1.188257 0.200000
v 1.000000 -1.000000 0.027885
v 0.781263 -1.000000 -0.200000
v 1.000000 -0.728378 -0.200000
v 0.600000 -0.785915 -0.600000
v 0.600000 -1.000000 -0.352470
v 1.000000 -0.600000 -0.299702
v 0.781611 -0.600000 -0.600000
v 1.000000 -0.200000 -0.532603
v 0.960857 -0.200000 -0.600000
v 1.000000 0.200000 -0.530196
v 0.960788 0.200000 -0.600000
v 1.000000 0.530214 -0.200000
v 0.960788 0.600000 -0.200000
v 0.775880 0.600000 -0.600000
v 1.000000 0.562277 0.200000
v 0.973994 0.600000 0.200000
v 1.000000 0.484738 0.600000
v 0.887905 0.600000 0.600000
v 1.000000 0.393897 1.000000
v 0.739244 0.600000 1.000000
v 0.600000 0.710253 1.000000
v 0.600000 0.874091 0.600000
v 0.372089 1.000000 1.000000
v 0.499243 1.000000 0.600000
v 0.267773 1.400000 1.000000
v 0.273743 1.400000 0.600000
v 0.200000 1.356885 0.200000
v 0.581394 1.000000 0.200000
v 0.200000 1.400000 0.291422
v 0.200000 1.166271 -0.200000
v 0.533727 1.000000 -0.200000
v 0.600000 0.983576 0.200000
v 0.600000 0.960927 -0.200000
v 0.200000 0.960824 -0.600000
v 0.600000 0.775880 -0.600000
v 0.200000 1.000000 -0.532700
v -0.200000 0.975397 -0.600000
v -0.200000 1.000000 -0.569850
v -0.200000 1.329887 -0.200000
v -0.600000 1.000000 -0.513666
v -0.432673 1.400000 -0.200000
v -0.600000 1.400000 -0.219720
v -0.600000 1.437883 -0.200000
v -0.200000 1.400000 -0.133018
v -0.200000 1.800000 0.178192
v -0.600000 1.800000 -0.034455
v -1.000000 1.400000 -0.213509
v -0.200000 0.600000 -0.961727
v 0.200000 0.600000 -0.960788
v -0.200000 0.531749 -1.000000
v 0.200000 0.530196 -1.000000
v -0.200000 0.200000 -1.116414
v 0.200000 0.200000 -1.115109
v -0.200000 -0.200000 -1.117510
v 0.200000 -0.200000 -1.115109
v -0.200000 -0.537955 -1.000000
v 0.200000 -0.530196 -1.000000
v -0.200000 -0.600000 -0.965886
v 0.200000 -0.600000 -0.960788
v -0.200000 -0.970444 -0.600000
v 0.200000 -0.966538 -0.600000
v 0.200000 -1.000000 -0.553119
v 0.600000 -0.600000 -0.776062
v 0.530196 -0.200000 -1.000000
v -0.600000 -0.428317 -1.000000
v -0.600000 -0.200000 -1.062363
v 0.530196 0.200000 -1.000000
v 0.600000 -0.200000 -0.960788
v 0.600000 0.200000 -0.960788
v -0.600000 0.361125 -1.000000
v -0.600000 0.200000 -1.050208
v 0.600000 0.600000 -0.775880
v -0.600000 0.600000 -0.874021
v -0.600000 0.907117 -0.600000
v 0.157883 1.400000 0.200000
v 0.200000 1.558418 0.600000
v 0.091381 1.800000 0.600000
v -0.175780 1.800000 0.200000
v 0.200000 1.695744 1.000000
v 0.163859 1.800000 1.000000
v -0.111376 2.200000 1.000000
v -0.200000 2.200000 0.626707
v -0.200000 2.177413 1.400000
v -0.200000 2.200000 1.349348
v 0.080659 1.800000 1.400000
v -0.200000 2.275861 1.000000
v -0.600000 2.394906 1.400000
v -0.600000 2.474588 1.000000
v -0.227546 2.200000 1.400000
v -0.600000 2.200000 1.737727
v -1.000000 2.438459 1.400000
v -1.000000 2.510123 1.000000
v -1.400000 2.367799 1.400000
v -1.400000 2.400080 1.000000
v -1.400000 2.334601 1.800000
v -1.000000 2.296568 1.800000
v -1.400000 2.319916 2.200000
v -1.000000 2.200000 2.078809
v -1.076013 2.200000 2.200000
v -1.000000 2.165076 2.200000
v -0.694687 2.200000 1.800000
v -0.600000 2.155808 1.800000
v -0.600000 1.934827 2.200000
v -1.000000 2.076742 2.600000
v -0.600000 1.828317 2.600000
v -1.000000 1.961335 3.000000
v -0.600000 1.800000 2.736133
v -0.729481 1.800000 3.000000
v -0.600000 1.728195 3.000000
v -0.554461 1.800000 2.600000
v -0.200000 1.620545 2.600000
v -0.200000 1.549385 3.000000
v -0.402569 1.800000 2.200000
v -0.200000 1.671226 2.200000
v -0.200000 1.800000 1.869157
v 0.200000 1.432711 2.200000
v 0.200000 1.455310 2.600000
v -0.600000 1.468971 3.400000
v -0.200000 1.400000 3.299525
v -0.422460 1.400000 3.400000
v -0.200000 1.326600 3.400000
v -0.600000 1.089023 3.800000
v -0.600000 1.400000 3.471864
v -0.200000 1.000000 3.702861
v -0.409851 1.000000 3.800000
v -0.200000 0.863497 3.800000
v 0.200000 1.000000 3.506546
v 0.200000 0.600000 3.708912
v 0.037631 0.600000 3.800000
v 0.200000 0.200000 3.797869
v 0.196828 0.200000 3.800000
v 0.200000 0.181661 3.800000
v 0.600000 0.200000 3.521276
v 0.600000 -0.200000 3.502477
v 0.232047 -0.200000 3.800000
v 0.733671 0.200000 3.400000
v 0.703623 -0.200000 3.400000
v 0.600000 0.600000 3.428928
v 0.629890 0.600000 3.400000
v 0.600000 0.657716 3.400000
v 0.600000 1.000000 3.109769
v 0.664416 1.000000 3.000000
v 0.916626 0.600000 3.000000
v 0.343718 1.000000 3.400000
v 0.200000 1.121842 3.400000
v 0.200000 1.379289 3.000000
v 0.600000 1.070364 3.000000
v 0.200000 1.400000 2.934619
v 0.300701 1.400000 2.600000
v 0.600000 1.186594 2.600000
v 0.248140 1.400000 2.200000
v 0.600000 1.137959 2.200000
v 0.200000 1.392575 1.800000
v 0.543863 1.000000 1.800000
v 0.600000 1.000000 1.899381
v 0.200000 1.400000 1.885156
v 0.600000 0.939917 1.800000
v 0.356034 1.000000 1.400000
v 0.600000 0.716724 1.400000
v 0.753700 0.600000 1.400000
v 0.934853 0.600000 1.800000
v 1.000000 0.600000 2.030669
v 1.000000 0.653048 2.200000
v 0.744662 1.000000 2.200000
v 1.000000 0.525008 1.800000
v 1.233625 0.200000 1.800000
v 1.215937 0.200000 2.200000
v 1.032323 0.600000 2.200000
v 1.000000 0.409065 1.400000
v 1.196908 0.200000 1.400000
v 1.400000 -0.195380 1.800000
v 1.400000 -0.106755 1.400000
v 1.447582 -0.200000 1.400000
v 1.401538 -0.200000 1.800000
v 1.464674 -0.600000 1.800000
v 1.566442 -0.600000 1.400000
v 1.414962 -1.000000 1.800000
v 1.554884 -1.000000 1.400000
v 1.400000 -1.044436 1.800000
v 1.400000 -1.378901 1.400000
v 1.400000 -1.000000 1.827435
v 1.386839 -1.400000 1.400000
v 1.205517 -1.400000 1.800000
v 1.000000 -1.586837 1.800000
v 1.000000 -1.759195 1.400000
v 1.382074 -1.400000 1.000000
v 1.000000 -1.754618 1.000000
v 1.186856 -1.400000 0.600000
v 1.000000 -1.569901 0.600000
v 1.000000 -1.400000 0.406824
v 1.397690 -1.000000 0.600000
v 1.138149 -1.000000 0.200000
v 1.400000 -0.990358 0.600000
v 1.400000 -0.600000 0.486739
v 1.275608 -0.600000 0.200000
v 1.400000 -0.283237 0.600000
v 1.379324 -0.200000 0.600000
v 1.282625 -0.200000 0.200000
v 1.205743 0.200000 0.600000
v 1.185509 0.200000 0.200000
v 1.120029 0.200000 -0.200000
v 1.150781 -0.200000 -0.200000
v 1.062165 -0.600000 -0.200000
v 1.400000 -0.200000 0.720720
v 1.445540 -0.600000 0.600000
v 1.561865 -0.600000 1.000000
v 1.437720 -0.200000 1.000000
v 1.400000 -1.000000 0.604610
v 1.550811 -1.000000 1.000000
v 1.400000 -1.371259 1.000000
v 0.600000 -1.733129 0.600000
v 0.600000 -1.800000 0.725081
v 0.909100 -1.800000 1.000000
v 0.600000 -1.890143 1.000000
v 0.200000 -1.874971 1.000000
v 0.200000 -1.800000 0.762054
v 0.200000 -1.878988 1.400000
v 0.600000 -1.894063 1.400000
v 0.200000 -1.800000 1.662162
v 0.600000 -1.800000 1.698765
v 0.918276 -1.800000 1.400000
v -0.031580 -1.800000 1.400000
v -0.200000 -1.647803 1.800000
v 0.200000 -1.743360 1.800000
v -0.200000 -1.705300 1.400000
v -0.022245 -1.800000 1.000000
v -0.200000 -1.699998 1.000000
v -0.200000 -1.676295 2.200000
v 0.200000 -1.612631 2.200000
v -0.200000 -1.779669 2.600000
v 0.200000 -1.553338 2.600000
v 0.425125 -1.400000 2.600000
v 0.600000 -1.400000 2.346833
v 0.600000 -1.487459 2.200000
v 0.600000 -1.261391 2.600000
v 0.600000 -1.039404 3.000000
v 0.316539 -1.400000 3.000000
v 0.627953 -1.000000 3.000000
v 0.858416 -1.000000 2.600000
v 0.600000 -1.000000 3.058952
v 0.600000 -0.600000 3.387517
v 0.859408 -0.600000 3.000000
v 0.418976 -1.000000 3.400000
v 0.590321 -0.600000 3.400000
v 0.600000 -0.570657 3.400000
v 0.200000 -1.000000 3.682198
v 0.200000 -0.600000 3.788379
v 0.200000 -1.380673 3.400000
v 0.186817 -1.400000 3.400000
v -0.091778 -1.400000 3.800000
v 0.092049 -1.000000 3.800000
v -0.200000 -1.528485 3.800000
v -0.184512 -1.800000 3.400000
v -0.200000 -1.800000 3.425818
v -0.200000 -1.811147 3.400000
v -0.097873 -1.800000 3.000000
v -0.200000 -1.872255 3.000000
v -0.600000 -1.979728 3.400000
v -0.600000 -2.031716 3.000000
v -0.200000 -1.800000 2.666523
v -0.243686 -1.800000 2.600000
v -0.600000 -1.935980 2.600000
v -0.600000 -1.800000 2.364738
v -1.000000 -1.943019 2.600000
v -1.000000 -1.800000 2.359823
v -1.000000 -1.986005 3.400000
v -1.000000 -2.037906 3.000000
v -1.000000 -1.800000 3.770005
v -0.600000 -1.800000 3.743891
v -1.400000 -1.855476 3.400000
v -1.400000 -1.800000 3.542524
v -1.517624 -1.800000 3.400000
v -1.400000 -1.913697 3.000000
v -1.651071 -1.800000 3.000000
v -1.800000 -1.665232 3.400000
v -1.800000 -1.728280 3.000000
v -2.200000 -1.439198 3.400000
v -2.200000 -1.508804 3.000000
v -1.800000 -1.657342 2.600000
v -2.200000 -1.466907 2.600000
v -1.800000 -1.442203 2.200000
v -1.950296 -1.400000 2.200000
v -2.200000 -1.400000 2.379728
v -2.200000 -1.335233 2.200000
v -1.800000 -1.400000 2.140133
v -1.800000 -1.151398 1.800000
v -2.200000 -1.152473 1.800000
v -2.600000 -1.198535 2.200000
v -2.600000 -1.057297 1.800000
v -2.200000 -1.000000 1.515055
v -2.600000 -1.000000 1.684589
v -2.716009 -1.000000 1.800000
v -3.000000 -0.790923 1.800000
v -2.600000 -0.839982 1.400000
v -2.948019 -0.600000 1.400000
v -3.000000 -0.600000 1.470005
v -3.000000 -0.545038 1.400000
v -3.214839 -0.200000 1.400000
v -3.357146 -0.200000 1.800000
v -3.164245 -0.600000 1.800000
v -3.000000 -0.200000 1.072042
v -3.244596 -0.600000 2.200000
v -3.392010 -0.200000 2.200000
v -3.400000 -0.149735 2.200000
v -3.400000 0.042315 1.800000
v -3.405526 0.200000 1.800000
v -3.417052 0.200000 2.200000
v -3.400000 0.344553 2.200000
v -3.400000 0.269554 1.800000
v -3.400000 0.200000 2.346118
v -3.357110 0.600000 2.200000
v -3.288419 0.600000 2.600000
v -3.354375 0.200000 2.600000
v -3.250997 1.000000 2.200000
v -3.195291 1.000000 2.600000
v -3.097455 1.400000 2.200000
v -3.082952 1.400000 2.600000
v -3.000000 1.371285 1.800000
v -3.000000 1.400000 1.840753
v -3.195958 1.000000 1.800000
v -3.000000 1.594199 2.200000
v -2.981939 1.400000 1.800000
v -2.659236 1.800000 1.800000
v -2.874630 1.800000 2.200000
v -2.600000 2.113116 2.200000
v -2.600000 1.857255 1.800000
v -2.600000 1.800000 1.737287
v -2.266200 1.800000 1.400000
v -2.200000 1.867055 1.400000
v -2.200000 2.137156 1.800000
v -2.600000 1.455134 1.400000
v -2.600000 1.400000 1.353734
v -2.239165 1.400000 1.000000
v -2.200000 1.468612 1.000000
v -2.200000 1.800000 1.316517
v -2.600000 1.000000 1.063499
v -2.527740 1.000000 1.000000
v -2.600000 0.919589 1.000000
v -2.600000 0.629232 0.600000
v -2.279750 1.000000 0.600000
v -2.600000 0.600000 0.525588
v -2.550183 0.600000 0.200000
v -2.200000 0.972836 0.200000
v -2.200000 1.000000 0.306851
v -2.200000 1.107862 0.600000
v -2.175092 1.000000 0.200000
v -1.861361 1.400000 0.200000
v -2.038618 1.400000 0.600000
v -1.800000 1.494690 0.200000
v -1.800000 1.800000 0.419671
v -1.891751 1.800000 0.600000
v -1.800000 1.965812 0.600000
v -1.800000 2.108536 1.000000
v -2.024306 1.800000 1.000000
v -2.200000 1.400000 0.945863
v -2.600000 0.532353 0.200000
v -2.624519 0.600000 0.600000
v -2.815502 0.200000 0.600000
v -2.756221 0.200000 0.200000
v -2.814195 -0.200000 0.600000
v -2.790818 -0.200000 0.200000
v -2.643025 -0.600000 0.600000
v -2.681838 -0.600000 0.200000
v -2.600000 -0.658659 0.600000
v -2.600000 -0.744359 0.200000
v -2.600000 -0.689509 -0.200000
v -2.649149 -0.600000 -0.200000
v -2.600000 -0.600000 -0.333710
v -2.600000 -0.200000 -0.550353
v -2.756608 -0.200000 -0.200000
v -2.600000 0.200000 -0.471694
v -2.713345 0.200000 -0.200000
v -2.600000 0.455744 -0.200000
v -2.433120 -0.600000 -0.600000
v -2.566024 -0.200000 -0.600000
v -2.200000 -0.600000 -0.800273
v -2.200000 -0.200000 -0.920958
v -2.200000 0.200000 -0.873207
v -2.513816 0.200000 -0.600000
v -2.200000 0.600000 -0.624072
v -2.228839 0.600000 -0.600000
v -2.200000 0.623067 -0.600000
v -2.200000 0.856544 -0.200000
v -2.497960 0.600000 -0.200000
v -1.800000 0.600000 -0.803083
v -1.862399 0.200000 -1.000000
v -1.800000 0.235454 -1.000000
v -1.800000 0.200000 -1.012155
v -1.800000 -0.200000 -1.054534
v -2.020781 -0.200000 -1.000000
v -1.800000 -0.468617 -1.000000
v -2.200000 -0.856013 -0.600000
v -1.917127 -1.000000 -0.600000
v -1.800000 -1.000000 -0.636359
v -1.800000 -0.600000 -0.949650
v -1.800000 -1.028972 -0.600000
v -2.200000 -1.082940 -0.200000
v -1.800000 -1.220884 -0.200000
v -2.200000 -1.000000 -0.399873
v -2.200000 -1.116757 0.200000
v -1.800000 -1.250813 0.200000
v -2.200000 -1.000000 0.597394
v -2.198107 -1.000000 0.600000
v -1.800000 -1.133578 0.600000
v -2.200000 -0.999073 0.600000
v -1.800000 -1.000000 0.878857
v -1.400000 -1.000000 0.789188
v -1.400000 -1.116574 0.600000
v -1.000000 -1.000000 0.808182
v -1.000000 -1.093488 0.600000
v -1.000000 -1.173508 0.200000
v -1.400000 -1.237554 0.200000
v -1.400000 -1.207883 -0.200000
v -0.833584 -1.000000 1.000000
v -0.600000 -1.277789 1.000000
v -2.370514 -1.000000 0.200000
v -2.323474 -1.000000 -0.200000
v -2.600000 -0.688179 1.000000
v -2.698850 -0.600000 1.000000
v -3.000000 -0.035587 1.000000
v -2.958034 -0.200000 1.000000
v -3.000000 0.200000 0.980829
v -3.013112 0.200000 1.000000
v -3.000000 0.289492 1.000000
v -2.877111 0.600000 1.000000
v -3.000000 0.600000 1.133947
v -3.201031 0.600000 1.400000
v -3.286413 0.200000 1.400000
v -3.000000 0.982299 1.400000
v -3.000000 1.000000 1.414562
v -3.340121 0.600000 1.800000
v -2.988634 1.000000 1.400000
v -2.653663 1.400000 1.400000
v -3.400000 0.200000 1.768721
v -1.968779 1.000000 -0.200000
v -2.600000 2.173017 2.600000
v -2.911336 1.800000 2.600000
v -2.600000 2.043931 3.000000
v -2.796601 1.800000 3.000000
v -2.600000 1.800000 3.263774
v -2.600000 1.518079 3.400000
v -2.635525 1.400000 3.400000
v -2.946903 1.400000 3.000000
v -3.000000 1.165816 3.000000
v -2.745008 1.000000 3.400000
v -3.000000 1.000000 3.068202
v -3.000000 0.600000 3.225744
v -2.881481 0.600000 3.400000
v -3.000000 0.200804 3.400000
v -3.000233 0.200000 3.400000
v -3.213855 0.200000 3.000000
v -3.135741 0.600000 3.000000
v -3.061006 -0.200000 3.400000
v -3.239871 -0.200000 3.000000
v -3.000000 -0.571051 3.400000
v -3.000000 -0.600000 3.378198
v -3.149057 -0.600000 3.000000
v -3.000000 -0.874644 3.000000
v -2.991379 -0.600000 3.400000
v -2.755197 -1.000000 3.400000
v -2.900586 -1.000000 3.000000
v -2.600000 -1.149852 3.400000
v -2.600000 -1.256769 3.000000
v -2.600000 -1.000000 3.732234
v -2.565880 -1.000000 3.800000
v -2.200000 -1.292436 3.800000
v -2.200000 -1.400000 3.520451
v -2.260278 -1.400000 3.400000
v -2.023000 -1.400000 3.800000
v -2.200000 -1.095069 4.200000
v -1.800000 -1.317062 4.200000
v -1.800000 -1.400000 4.042533
v -1.800000 -1.516805 3.800000
v -1.573142 -1.400000 4.200000
v -1.400000 -1.448231 4.200000
v -1.400000 -1.680970 3.800000
v -1.400000 -1.400000 4.273063
v -1.800000 -1.087078 4.600000
v -1.400000 -1.171659 4.600000
v -1.800000 -1.000000 4.731022
v -1.400000 -1.000000 4.811898
v -1.800000 -0.724802 5.000000
v -1.400000 -0.801794 5.000000
v -1.800000 -0.600000 5.074544
v -1.400000 -0.600000 5.124843
v -1.800000 -0.200000 5.188783
v -1.400000 -0.200000 5.234529
v -1.800000 0.200000 5.151270
v -1.400000 0.200000 5.197197
v -1.800000 0.519884 5.000000
v -1.400000 0.596725 5.000000
v -1.800000 0.600000 4.940156
v -1.400000 0.600000 4.997552
v -1.800000 0.875511 4.600000
v -1.400000 0.926149 4.600000
v -1.800000 1.000000 4.277631
v -1.400000 1.000000 4.408207
v -1.038055 1.000000 4.200001
v -1.000000 0.989373 4.200000
v -1.000000 0.813132 4.600000
v -1.400000 1.065005 4.200000
v -1.000000 1.000000 4.176842
v -0.600000 0.774520 4.200000
v -0.600000 0.600000 4.425509
v -0.718488 0.600000 4.600000
v -0.600000 0.445290 4.600000
v -0.440275 0.600000 4.200000
v -0.246881 0.200000 4.200001
v -0.486825 0.200000 4.600000
v -0.200000 0.200000 4.143419
v -0.200000 0.600000 3.960310
v -0.200000 0.008775 4.200000
v -0.600000 0.200000 4.773400
v -0.600000 -0.200000 4.832830
v -0.425981 -0.200000 4.600000
v -0.600000 -0.600000 4.708591
v -0.495206 -0.600000 4.600000
v -0.600000 -0.802770 4.600000
v -0.200000 -0.600000 4.238011
v -0.200000 -0.766914 4.200000
v -0.279160 -1.000000 4.200000
v -0.600000 -1.000000 4.474821
v -0.200000 -1.000000 4.119403
v -0.171939 -0.600000 4.200000
v -0.790166 -1.000000 4.600000
v -1.000000 -1.113429 4.600000
v -0.600000 -1.354175 4.200000
v -0.689336 -1.400000 4.200000
v -1.000000 -1.400000 4.293018
v -1.000000 -1.479512 4.200000
v -0.600000 -1.400000 4.159967
v -0.600000 -1.757160 3.800000
v -1.000000 -1.781522 3.800000
v -0.200000 -1.400000 3.899123
v -1.000000 -1.000000 4.709168
v -0.200000 -0.200000 4.244398
v -0.977676 -0.600000 5.000000
v -0.777548 -0.200000 5.000000
v -1.000000 -0.600000 5.012577
v -1.000000 -0.200000 5.134148
v -1.000000 0.200000 5.093483
v -0.839656 0.200000 5.000000
v -1.000000 0.416491 5.000000
v -1.000000 -0.621403 5.000000
v -2.200000 0.628817 4.600000
v -2.200000 0.829858 4.200000
v -1.893924 1.000000 4.200000
v -1.800000 1.031245 4.200000
v -2.200000 1.149479 3.800000
v -1.800000 1.332076 3.800000
v -2.200000 1.000000 3.941956
v -2.200000 1.400000 3.658098
v -1.800000 1.400000 3.750377
v -2.200000 1.800000 3.503324
v -1.800000 1.800000 3.548172
v -2.424134 1.800000 3.400000
v -2.600000 1.400000 3.429950
v -2.200000 1.956046 3.400000
v -1.400000 1.400000 3.729041
v -1.400000 1.323403 3.800000
v -2.600000 1.000000 3.553816
v -2.351624 1.000000 3.800000
v -2.600000 0.661671 3.800000
v -1.000000 0.600000 4.867410
v -2.200000 0.600000 4.638131
v -2.228034 0.600000 4.600000
v -2.200000 0.200000 4.928834
v -2.464321 0.200000 4.600000
v -2.200000 -0.200000 4.976386
v -2.510115 -0.200000 4.600000
v -2.200000 -0.600000 4.829766
v -2.388293 -0.600000 4.600000
v -2.200000 -0.843080 4.600000
v -2.600000 -0.600000 4.253897
v -2.600000 -0.200000 4.442461
v -2.629693 -0.600000 4.200000
v -2.723209 -0.200000 4.200000
v -2.664431 0.200000 4.200000
v -2.600000 0.200000 4.339705
v -2.600000 0.350350 4.200000
v -2.825389 0.200000 3.800000
v -2.637081 0.600000 3.800000
v -2.600000 0.600000 3.869480
v -2.436628 0.600000 4.200000
v -2.600000 -0.657852 4.200000
v -2.600000 -0.962751 3.800000
v -2.826362 -0.600000 3.800000
v -2.323252 -1.000000 4.200000
v -2.897446 -0.200000 3.800000
v -3.000000 -0.200000 3.539141
v -3.000000 0.200000 3.400440
v -2.169567 -0.200000 5.000000
v -1.969188 -0.600000 5.000000
v -2.108243 0.200000 5.000000
v -1.986571 -1.000000 4.600000
v -2.200000 -1.000000 4.368918
v -3.236110 -0.600000 2.600000
v -3.353274 -0.200000 2.600000
v -3.040181 1.000000 3.000000
v -3.000000 1.400000 2.880935
v -2.563476 2.200000 2.600000
v -2.377398 2.200000 3.000000
v -2.200000 2.274279 3.000000
v -2.200000 2.376768 2.600000
v -2.200000 2.200000 3.132284
v -1.800000 2.317312 3.000000
v -1.800000 2.200000 3.202115
v -1.800000 2.017955 3.400000
v -1.400777 2.200000 3.000000
v -1.800000 2.415896 2.600000
v -1.400000 2.309727 2.600000
v -1.400000 2.200000 2.999193
v -1.400000 2.199641 3.000000
v -1.200673 2.200000 2.600000
v -2.200000 2.328577 2.200000
v -1.800000 2.376851 2.200000
v -3.000000 1.617805 2.600000
v -3.000000 -0.922278 2.200000
v -3.000000 -0.957684 2.600000
v -2.960222 -1.000000 2.600000
v -2.914476 -1.000000 2.200000
v -2.600000 -1.268870 2.600000
v -2.200000 -0.950012 1.400000
v -2.200000 -0.899767 1.000000
v -1.400000 -1.559099 2.200000
v -1.400000 -1.400000 2.051904
v -2.337595 -1.400000 2.600000
v -2.379361 -1.400000 3.000000
v -1.400000 -1.825838 2.600000
v -1.462629 -1.800000 2.600000
v -1.400000 -1.800000 2.546812
v 0.200000 -1.527961 3.000000
v 0.200000 -1.400000 3.370502
v 0.187452 -0.600000 3.800000
v 0.200000 -0.519301 3.800000
v -0.169417 -0.200000 4.200000
v 0.200000 -0.200000 3.825808
v 1.000000 -1.000000 2.421979
v 1.000000 -1.231800 2.200000
v 0.777156 -1.400000 2.200000
v 1.000000 -1.400000 2.024972
v 0.600000 -1.747603 1.800000
v 1.172843 -1.000000 2.200000
v 1.000000 -0.797393 2.600000
v 1.096175 -0.600000 2.600000
v 1.305919 -0.600000 2.200000
v 1.181081 -0.200000 2.600000
v 1.312296 -0.200000 2.200000
v 1.159033 0.200000 2.600000
v 1.001829 -0.200000 3.000000
v 1.025231 0.200000 3.000000
v 1.000000 0.338056 3.000000
v 1.000000 0.600000 2.775363
v 1.038489 0.600000 2.600000
v 1.000000 0.675193 2.600000
v 1.000000 0.200000 3.044456
v 1.000000 -0.206598 3.000000
v 1.000000 -0.600000 2.757922
v 1.000000 -0.200000 3.002965
v 1.400000 -0.600000 1.974612
v -0.600000 -1.691419 2.200000
v -0.600000 -1.466358 1.800000
v -1.000000 -1.656710 2.200000
v -0.698784 -1.400000 1.800000
v -1.000000 -1.400000 1.984107
v -1.000000 -1.154041 1.800000
v -0.600000 -1.400000 1.651557
v -0.600000 -1.311460 1.400000
v -0.781360 -1.000000 1.400000
v -1.000000 -1.000000 1.688367
v -0.532375 -1.400000 1.400000
v -0.508055 -1.400000 1.000000
v -1.400000 -1.087901 1.800000
v -1.400000 -1.000000 1.729061
v -1.400000 -0.735422 1.400000
v -1.000000 -0.682692 1.400000
v -1.000000 -0.859189 1.000000
v -1.400000 -0.860475 1.000000
v -1.800000 -0.918748 1.400000
v -1.800000 -0.953241 1.000000
v -1.800000 -1.000000 1.590060
v 1.400000 -0.200000 1.807682
v 1.400000 -0.128638 1.000000
v 1.182527 0.200000 1.000000
v 0.783597 1.000000 2.600000
v 0.200000 1.400000 1.462809
v 0.206384 1.400000 1.400000
v 0.200000 1.422908 1.400000
v 0.193363 1.400000 1.800000
v -0.151412 1.800000 1.800000
v 0.158862 1.400000 3.000000
v -0.600000 1.000000 3.907418
v -1.000000 1.234209 3.800000
v -1.000000 1.400000 3.626335
v -1.000000 1.800000 3.249701
v -0.200000 1.853775 1.800000
v -1.800000 2.284214 1.800000
v -1.788212 2.200000 1.400000
v -1.703408 2.200000 1.000000
v -1.800000 2.193304 1.400000
v -1.800000 2.200000 1.429902
v -1.588250 2.200000 0.600000
v -1.616465 1.800000 0.200000
v -2.200000 2.200000 1.911006
v -2.062630 2.200000 1.800000
v -2.480940 2.200000 2.200000
v -1.400000 1.868910 3.400000
v -1.275128 1.800000 3.400000
v -1.000000 1.656649 3.400000
v -1.400000 1.800000 3.451362
vn 0.2820 0.6350 -0.7192
vn 0.5610 0.5443 -0.6238
vn 0.6681 0.6336 -0.3902
vn 0.5079 0.7708 -0.3846
vn 0.2877 0.7566 -0.5872
vn 0.2633 0.9053 -0.3333
vn -0.0846 0.9360 -0.3416
vn -0.0892 0.7871 -0.6104
vn -0.3910 0.8642 -0.3168
vn -0.4268 0.7224 -0.5440
vn -0.4263 0.5904 -0.6853
vn -0.0892 0.6578 -0.7479
vn -0.3886 0.4546 -0.8015
vn -0.0827 0.4674 -0.8802
vn -0.3288 0.4936 -0.8052
vn -0.1376 0.3345 -0.9323
vn -0.0621 0.3813 -0.9223
vn -0.2439 0.5897 -0.7699
vn -0.4292 0.6810 -0.5933
vn -0.5927 0.5062 -0.6265
vn -0.3009 0.7277 -0.6163
vn -0.1368 0.6684 -0.7311
vn -0.2115 0.7439 -0.6340
vn -0.0585 0.7031 -0.7087
vn -0.0688 0.6673 -0.7416
vn -0.0806 0.6203 -0.7802
vn -0.0206 0.5818 -0.8131
vn -0.0653 0.5681 -0.8203
vn -0.0060 0.3935 -0.9193
vn -0.0526 0.3747 -0.9256
vn 0.0039 0.2040 -0.9790
vn -0.0344 0.1858 -0.9820
vn 0.0150 -0.0582 -0.9982
vn -0.0146 -0.0814 -0.9966
vn 0.0329 -0.2909 -0.9562
vn 0.0081 -0.2999 -0.9539
vn 0.0435 -0.4999 -0.8650
vn 0.0334 -0.5307 -0.8469
vn 0.0678 -0.7093 -0.7016
vn 0.1255 -0.7949 -0.5936
vn 0.0675 -0.7539 -0.6536
vn 0.0878 -0.8461 -0.5258
vn -0.0221 -0.7680 -0.6400
vn -0.0527 -0.5606 -0.8264
vn 0.0770 -0.8767 -0.4749
vn -0.0200 -0.8835 -0.4680
vn 0.0718 -0.9626 -0.2613
vn -0.0819 -0.9421 -0.3250
vn -0.1246 -0.8987 -0.4204
vn -0.0491 -0.8618 -0.5049
vn -0.2274 -0.9638 -0.1393
vn -0.3125 -0.8775 -0.3638
vn -0.4572 -0.8855 -0.0829
vn -0.6083 -0.7521 -0.2535
vn -0.4493 -0.8131 -0.3700
vn -0.2717 -0.8373 -0.4745
vn -0.4708 -0.8174 -0.3320
vn -0.1801 -0.8698 -0.4594
vn -0.0962 -0.8462 -0.5241
vn -0.0450 -0.8288 -0.5577
vn 0.1841 -0.8010 -0.5696
vn 0.2578 -0.7685 -0.5857
vn 0.0458 -0.8416 -0.5381
vn 0.3475 -0.7391 -0.5770
vn 0.3852 -0.7111 -0.5882
vn 0.5914 -0.5673 -0.5731
vn 0.6669 -0.4924 -0.5593
vn 0.5606 -0.5918 -0.5792
vn 0.7186 -0.4566 -0.5245
vn 0.4643 -0.6330 -0.6194
vn 0.4205 -0.6963 -0.5816
vn 0.7776 -0.3804 -0.5006
vn 0.6771 -0.4351 -0.5934
vn 0.8675 -0.1385 -0.4778
vn 0.7745 -0.1608 -0.6118
vn 0.8752 0.2166 -0.4325
vn 0.7930 0.1889 -0.5792
vn 0.8777 0.4245 -0.2225
vn 0.7927 0.5762 -0.1990
vn 0.7104 0.4976 -0.4977
vn 0.8442 0.5359 0.0152
vn 0.7573 0.6502 0.0614
vn 0.7570 0.6426 0.1183
vn 0.6786 0.7084 0.1942
vn 0.6986 0.7130 0.0593
vn 0.6344 0.7651 0.1104
vn 0.7016 0.7011 0.1272
vn 0.7194 0.6616 0.2116
vn 0.8669 0.4831 0.1230
vn 0.8093 0.5716 0.1352
vn 0.9494 0.3016 0.0876
vn 0.8992 0.4362 -0.0331
vn 0.6248 0.7346 -0.2646
vn 0.6767 0.7357 -0.0285
vn 0.7962 0.5425 -0.2680
vn 0.3961 0.8196 -0.4139
vn 0.4892 0.8272 -0.2766
vn 0.6858 0.7252 0.0619
vn 0.5861 0.7839 -0.2050
vn 0.2034 0.7780 -0.5944
vn 0.4980 0.7098 -0.4981
vn 0.2818 0.8151 -0.5062
vn -0.0477 0.7345 -0.6769
vn 0.0297 0.7643 -0.6442
vn 0.2320 0.7290 -0.6440
vn -0.0531 0.6513 -0.7570
vn 0.1212 0.6288 -0.7681
vn 0.0349 0.5148 -0.8566
vn 0.1146 0.4528 -0.8842
vn 0.3932 0.6065 -0.6911
vn 0.4851 0.4999 -0.7175
vn 0.2426 0.4628 -0.8526
vn -0.0731 0.4785 -0.8751
vn -0.0803 0.5850 -0.8070
vn 0.1793 0.5843 -0.7915
vn -0.0867 0.4115 -0.9073
vn 0.1868 0.4108 -0.8924
vn -0.0726 0.1675 -0.9832
vn 0.1638 0.1627 -0.9730
vn -0.0622 -0.1544 -0.9861
vn 0.1648 -0.1617 -0.9730
vn -0.0514 -0.3974 -0.9162
vn 0.1932 -0.3988 -0.8964
vn -0.0416 -0.5841 -0.8106
vn 0.1863 -0.5670 -0.8024
vn -0.0292 -0.7756 -0.6306
vn 0.1604 -0.7456 -0.6468
vn 0.1349 -0.8114 -0.5687
vn 0.4955 -0.4906 -0.7169
vn 0.4182 -0.2058 -0.8847
vn -0.0738 -0.3452 -0.9356
vn -0.0950 -0.1215 -0.9880
vn 0.4031 0.1872 -0.8958
vn 0.5770 -0.1875 -0.7949
vn 0.5741 0.1815 -0.7984
vn -0.1389 0.3820 -0.9137
vn -0.1164 0.1718 -0.9782
vn 0.4988 0.4985 -0.7090
vn -0.1401 0.5689 -0.8104
vn -0.1078 0.6738 -0.7310
vn 0.6028 0.6631 -0.4438
vn 0.8846 0.4165 -0.2098
vn 0.8076 0.5112 -0.2941
vn 0.6640 0.5074 -0.5493
vn 0.9478 0.3166 0.0390
vn 0.8865 0.4624 0.0177
vn 0.7493 0.6621 0.0137
vn 0.6713 0.7133 -0.2013
vn 0.6619 0.6476 0.3775
vn 0.6429 0.7326 0.2238
vn 0.8426 0.4301 0.3240
vn 0.5460 0.8378 0.0032
vn 0.2887 0.9062 0.3090
vn 0.2733 0.9619 0.0075
vn 0.4919 0.7767 0.3934
vn 0.3649 0.7937 0.4867
vn 0.0053 0.9718 0.2359
vn -0.0757 0.9971 -0.0069
vn -0.2535 0.9650 0.0675
vn -0.3778 0.9244 -0.0531
vn 0.0143 0.9958 0.0908
vn 0.1664 0.9459 0.2784
vn 0.2148 0.9763 0.0283
vn 0.2998 0.9185 0.2578
vn 0.4083 0.8950 0.1796
vn 0.4481 0.8563 0.2568
vn 0.3047 0.8707 0.3860
vn 0.4541 0.7547 0.4735
vn 0.5189 0.7972 0.3084
vn 0.4992 0.8400 0.2126
vn 0.5181 0.8305 0.2046
vn 0.4614 0.7986 0.3864
vn 0.4812 0.8495 0.2164
vn 0.4838 0.7803 0.3965
vn 0.4206 0.8297 0.3670
vn 0.5017 0.8440 0.1897
vn 0.4344 0.8914 0.1292
vn 0.3627 0.8783 0.3115
vn 0.5172 0.8193 0.2476
vn 0.5320 0.8318 0.1585
vn 0.6287 0.6887 0.3612
vn 0.5097 0.8590 -0.0480
vn 0.4530 0.8888 0.0694
vn 0.3091 0.7351 0.6034
vn 0.3467 0.7879 0.5089
vn 0.2653 0.7214 0.6397
vn 0.3250 0.7220 0.6108
vn 0.3019 0.7248 0.6194
vn 0.2662 0.6864 0.6768
vn 0.3613 0.5663 0.7408
vn 0.3540 0.6689 0.6537
vn 0.4537 0.5102 0.7307
vn 0.4463 0.5137 0.7328
vn 0.5049 0.3002 0.8093
vn 0.5100 0.3374 0.7913
vn 0.5440 0.1086 0.8320
vn 0.5679 0.1955 0.7995
vn 0.6288 0.0715 0.7743
vn 0.6238 0.0700 0.7785
vn 0.6605 -0.0919 0.7452
vn 0.6380 -0.0255 0.7696
vn 0.7458 0.0674 0.6627
vn 0.7458 -0.1300 0.6534
vn 0.6044 0.2703 0.7494
vn 0.7215 0.2806 0.6330
vn 0.6483 0.4117 0.6405
vn 0.6551 0.5730 0.4924
vn 0.7426 0.5736 0.3457
vn 0.8228 0.3816 0.4211
vn 0.5661 0.5340 0.6280
vn 0.4453 0.6788 0.5839
vn 0.4984 0.7877 0.3620
vn 0.6323 0.7039 0.3237
vn 0.4777 0.8569 0.1936
vn 0.5484 0.8349 0.0477
vn 0.6493 0.7580 0.0621
vn 0.5618 0.8235 -0.0788
vn 0.6592 0.7314 -0.1747
vn 0.7535 0.6495 -0.1018
vn 0.7008 0.6272 -0.3399
vn 0.7150 0.6108 -0.3402
vn 0.5588 0.8252 -0.0820
vn 0.6990 0.6313 -0.3360
vn 0.8424 0.5294 -0.1008
vn 0.6933 0.6999 -0.1717
vn 0.6331 0.7565 -0.1642
vn 0.6778 0.6928 -0.2463
vn 0.7826 0.5944 -0.1851
vn 0.8176 0.5608 -0.1309
vn 0.7444 0.6358 -0.2041
vn 0.7594 0.6296 -0.1642
vn 0.8681 0.4954 -0.0330
vn 0.9394 0.3312 0.0887
vn 0.8840 0.4649 -0.0483
vn 0.6959 0.7105 -0.1044
vn 0.8092 0.5859 -0.0443
vn 0.9191 0.3776 0.1127
vn 0.8753 0.4834 0.0117
vn 0.9328 0.3555 0.0602
vn 0.9374 0.2829 0.2030
vn 0.9548 0.0425 0.2941
vn 0.9885 0.1028 0.1108
vn 0.9109 -0.2117 0.3541
vn 0.9670 -0.2105 0.1438
vn 0.8127 -0.4145 0.4096
vn 0.8783 -0.4459 0.1725
vn 0.8458 -0.3000 0.4411
vn 0.7754 -0.6086 0.1681
vn 0.7006 -0.5644 0.4367
vn 0.4916 -0.7537 0.4361
vn 0.5380 -0.8255 0.1706
vn 0.7641 -0.6182 -0.1845
vn 0.5414 -0.8179 -0.1949
vn 0.6973 -0.5536 -0.4553
vn 0.4829 -0.7463 -0.4581
vn 0.5315 -0.6108 -0.5869
vn 0.8161 -0.3241 -0.4784
vn 0.7693 -0.4004 -0.4978
vn 0.8959 -0.1376 -0.4223
vn 0.9100 -0.0171 -0.4142
vn 0.8919 -0.1480 -0.4273
vn 0.9578 0.1450 -0.2481
vn 0.9491 0.2710 -0.1606
vn 0.9591 0.1004 -0.2646
vn 0.8728 0.4878 -0.0150
vn 0.9296 0.3515 -0.1110
vn 0.9375 0.2319 -0.2594
vn 0.9310 -0.0336 -0.3635
vn 0.8537 -0.2802 -0.4390
vn 0.9152 0.3776 -0.1408
vn 0.9505 0.0358 -0.3087
vn 0.9845 0.1058 -0.1400
vn 0.9284 0.3605 -0.0903
vn 0.8847 -0.2548 -0.3904
vn 0.9635 -0.1998 -0.1785
vn 0.8710 -0.4515 -0.1937
vn 0.1794 -0.8460 -0.5020
vn 0.1642 -0.9013 -0.4008
vn 0.3717 -0.9044 -0.2097
vn 0.1208 -0.9801 -0.1574
vn -0.1758 -0.9723 -0.1541
vn -0.2225 -0.8968 -0.3825
vn -0.1767 -0.9744 0.1389
vn 0.1220 -0.9822 0.1427
vn -0.1493 -0.9363 0.3179
vn 0.1693 -0.9092 0.3803
vn 0.3587 -0.9164 0.1773
vn -0.3841 -0.9169 0.1082
vn -0.2918 -0.9565 -0.0002
vn -0.0500 -0.9456 0.3215
vn -0.5571 -0.8304 0.0102
vn -0.4124 -0.8905 -0.1921
vn -0.5597 -0.8134 -0.1583
vn 0.0390 -0.9918 -0.1219
vn 0.1888 -0.9670 0.1709
vn 0.4021 -0.8898 -0.2160
vn 0.4801 -0.8711 0.1033
vn 0.6175 -0.7254 0.3040
vn 0.5006 -0.7486 0.4348
vn 0.3442 -0.8300 0.4388
vn 0.6310 -0.6683 0.3939
vn 0.7331 -0.5848 0.3473
vn 0.7097 -0.6713 0.2136
vn 0.7381 -0.5239 0.4252
vn 0.6846 -0.5383 0.4916
vn 0.7830 -0.4439 0.4358
vn 0.7957 -0.3249 0.5111
vn 0.7900 -0.3612 0.4955
vn 0.7693 -0.3704 0.5206
vn 0.7597 -0.2497 0.6004
vn 0.7394 -0.2043 0.6416
vn 0.7054 -0.3256 0.6296
vn 0.7041 -0.1629 0.6912
vn 0.7679 -0.4672 0.4381
vn 0.7329 -0.5557 0.3925
vn 0.6845 -0.4562 0.5686
vn 0.7200 -0.2773 0.6361
vn 0.5253 -0.6302 0.5718
vn 0.6382 -0.7175 0.2791
vn 0.5241 -0.7280 0.4420
vn 0.4656 -0.8464 0.2586
vn 0.6438 -0.7651 -0.0139
vn 0.4728 -0.8806 -0.0318
vn 0.1924 -0.9377 0.2894
vn 0.1925 -0.9802 -0.0466
vn 0.5150 -0.8304 -0.2124
vn 0.3597 -0.8555 -0.3726
vn 0.1744 -0.9160 -0.3613
vn 0.1646 -0.8248 -0.5410
vn -0.1247 -0.9239 -0.3617
vn -0.1220 -0.8205 -0.5585
vn -0.1323 -0.9495 0.2844
vn -0.1393 -0.9891 -0.0472
vn -0.1045 -0.8741 0.4744
vn 0.2175 -0.8265 0.5193
vn -0.3457 -0.9029 0.2554
vn -0.3144 -0.8671 0.3864
vn -0.4072 -0.8810 0.2408
vn -0.3521 -0.9353 -0.0360
vn -0.4151 -0.9095 -0.0211
vn -0.4475 -0.8647 0.2284
vn -0.4435 -0.8963 -0.0039
vn -0.4958 -0.8417 0.2138
vn -0.4875 -0.8728 0.0242
vn -0.3820 -0.8720 -0.3062
vn -0.4182 -0.8836 -0.2108
vn -0.2554 -0.8049 -0.5356
vn -0.2651 -0.8379 -0.4771
vn -0.3265 -0.8986 -0.2931
vn -0.2532 -0.8969 -0.3626
vn -0.1635 -0.7588 -0.6305
vn 0.0226 -0.8051 -0.5927
vn -0.1035 -0.8910 -0.4421
vn -0.4134 -0.8816 -0.2280
vn -0.3426 -0.8615 -0.3748
vn -0.0742 -0.8859 -0.4579
vn -0.3472 -0.8233 -0.4491
vn -0.5086 -0.7860 -0.3513
vn -0.6509 -0.6921 -0.3120
vn -0.4235 -0.8291 -0.3650
vn -0.6195 -0.6529 -0.4358
vn -0.6632 -0.6233 -0.4144
vn -0.7458 -0.5004 -0.4398
vn -0.8502 -0.3048 -0.4293
vn -0.9289 -0.2945 -0.2244
vn -0.8153 -0.5200 -0.2545
vn -0.8020 -0.3365 -0.4935
vn -0.8769 -0.4759 -0.0671
vn -0.9660 -0.2582 -0.0159
vn -0.9938 -0.1081 0.0265
vn -0.9782 -0.1069 -0.1781
vn -0.9947 0.0261 -0.0994
vn -0.9984 0.0321 0.0455
vn -0.9870 0.1481 0.0623
vn -0.9751 0.1532 -0.1601
vn -0.9874 0.0629 0.1451
vn -0.9745 0.2188 0.0490
vn -0.9475 0.1965 0.2524
vn -0.9677 0.0835 0.2378
vn -0.9485 0.3168 -0.0082
vn -0.9385 0.2553 0.2323
vn -0.9207 0.3775 -0.0990
vn -0.9319 0.3198 0.1711
vn -0.8024 0.4553 -0.3859
vn -0.8299 0.4765 -0.2904
vn -0.8871 0.3780 -0.2649
vn -0.8603 0.4794 -0.1736
vn -0.7256 0.5201 -0.4506
vn -0.6727 0.5776 -0.4624
vn -0.7926 0.5610 -0.2388
vn -0.6411 0.7174 -0.2727
vn -0.5893 0.6535 -0.4750
vn -0.6018 0.5685 -0.5609
vn -0.5943 0.5820 -0.5550
vn -0.6139 0.6507 -0.4469
vn -0.4713 0.7628 -0.4428
vn -0.6094 0.5387 -0.5817
vn -0.5987 0.4731 -0.6463
vn -0.6818 0.4673 -0.5629
vn -0.7583 0.4317 -0.4884
vn -0.6876 0.5415 -0.4837
vn -0.5866 0.4816 -0.6511
vn -0.6549 0.5260 -0.5426
vn -0.6371 0.5471 -0.5429
vn -0.7165 0.6228 -0.3141
vn -0.7390 0.5919 -0.3218
vn -0.8098 0.5687 -0.1444
vn -0.7601 0.6367 -0.1297
vn -0.6717 0.7158 -0.1910
vn -0.7568 0.6224 -0.1997
vn -0.7745 0.5335 -0.3399
vn -0.6734 0.6893 -0.2672
vn -0.7431 0.5163 -0.4256
vn -0.8342 0.3899 -0.3901
vn -0.7002 0.4155 -0.5805
vn -0.7470 0.4451 -0.4938
vn -0.8352 0.4208 -0.3540
vn -0.7365 0.5722 -0.3607
vn -0.7162 0.6611 -0.2237
vn -0.8002 0.4906 -0.3449
vn -0.7876 0.4287 -0.4425
vn -0.8542 0.5074 -0.1139
vn -0.7930 0.5151 -0.3254
vn -0.9356 0.1986 -0.2919
vn -0.9627 0.2485 -0.1070
vn -0.9590 -0.2177 -0.1815
vn -0.9911 -0.1155 -0.0661
vn -0.8558 -0.5155 -0.0426
vn -0.9158 -0.4015 -0.0092
vn -0.7194 -0.6906 0.0741
vn -0.8023 -0.5965 0.0211
vn -0.7857 -0.5736 -0.2317
vn -0.9083 -0.3603 -0.2125
vn -0.8064 -0.4153 -0.4210
vn -0.8705 -0.0791 -0.4858
vn -0.9677 -0.0758 -0.2405
vn -0.8347 0.2894 -0.4686
vn -0.9395 0.2475 -0.2370
vn -0.8276 0.4901 -0.2738
vn -0.6941 -0.4147 -0.5884
vn -0.7598 -0.0765 -0.6456
vn -0.4672 -0.4095 -0.7836
vn -0.5186 -0.0686 -0.8523
vn -0.4929 0.2835 -0.8226
vn -0.7236 0.2913 -0.6257
vn -0.4435 0.5623 -0.6980
vn -0.6139 0.5681 -0.5481
vn -0.4500 0.7074 -0.5451
vn -0.5593 0.7571 -0.3377
vn -0.7230 0.6256 -0.2931
vn -0.1720 0.5889 -0.7897
vn -0.2874 0.2735 -0.9179
vn -0.1383 0.4078 -0.9025
vn -0.1065 0.2103 -0.9718
vn -0.1167 -0.0502 -0.9919
vn -0.3272 -0.0722 -0.9422
vn -0.1570 -0.2848 -0.9456
vn -0.4858 -0.6325 -0.6033
vn -0.2930 -0.7501 -0.5929
vn -0.1101 -0.6937 -0.7118
vn -0.1516 -0.4728 -0.8680
vn -0.1074 -0.8474 -0.5200
vn -0.4243 -0.8789 -0.2180
vn -0.1371 -0.9590 -0.2479
vn -0.4801 -0.7663 -0.4269
vn -0.4379 -0.8944 0.0915
vn -0.1412 -0.9847 0.1021
vn -0.4776 -0.8350 0.2734
vn -0.3300 -0.9016 0.2796
vn -0.1238 -0.9233 0.3635
vn -0.5179 -0.8265 0.2207
vn -0.0422 -0.9138 0.4040
vn 0.0548 -0.8651 0.4986
vn 0.0576 -0.9279 0.3685
vn -0.3353 -0.7935 0.5079
vn -0.1943 -0.9445 0.2649
vn -0.0068 -0.9998 0.0168
vn 0.0834 -0.9918 0.0965
vn 0.0863 -0.9639 -0.2520
vn -0.7156 -0.6396 0.2807
vn -0.7204 -0.6931 0.0244
vn -0.6516 -0.7551 0.0724
vn -0.6483 -0.7241 -0.2353
vn -0.5684 -0.8099 -0.1449
vn -0.7251 -0.6314 -0.2748
vn -0.8729 -0.1109 -0.4752
vn -0.8577 -0.3123 -0.4083
vn -0.8557 0.1026 -0.5073
vn -0.8299 0.0204 -0.5575
vn -0.8098 0.2472 -0.5321
vn -0.7039 0.4198 -0.5730
vn -0.7141 0.3428 -0.6104
vn -0.8474 0.3080 -0.4324
vn -0.9013 0.0322 -0.4319
vn -0.7288 0.4254 -0.5366
vn -0.7584 0.4354 -0.4850
vn -0.9451 0.2550 -0.2042
vn -0.6265 0.5008 -0.5972
vn -0.6019 0.5421 -0.5864
vn -0.9673 0.0507 -0.2487
vn -0.4726 0.7758 -0.4180
vn -0.6697 0.7396 0.0673
vn -0.8410 0.5332 0.0922
vn -0.6184 0.6746 0.4031
vn -0.7944 0.4570 0.4002
vn -0.6273 0.4693 0.6215
vn -0.6221 0.2791 0.7315
vn -0.7244 0.2201 0.6533
vn -0.8370 0.2745 0.4734
vn -0.8584 0.2180 0.4643
vn -0.7535 0.2612 0.6033
vn -0.8089 0.2234 0.5439
vn -0.8145 0.2275 0.5337
vn -0.8077 0.2781 0.5199
vn -0.8603 0.2296 0.4552
vn -0.8835 0.1623 0.4394
vn -0.9148 0.1163 0.3867
vn -0.8865 0.1947 0.4198
vn -0.9104 -0.0162 0.4135
vn -0.9369 -0.0766 0.3410
vn -0.9055 -0.2052 0.3715
vn -0.8677 -0.3524 0.3506
vn -0.8944 -0.3588 0.2670
vn -0.8092 -0.5424 0.2258
vn -0.8553 -0.3773 0.3551
vn -0.7349 -0.6070 0.3024
vn -0.7048 -0.6889 0.1693
vn -0.6151 -0.7451 0.2577
vn -0.5847 -0.8033 0.1131
vn -0.6991 -0.6279 0.3421
vn -0.6461 -0.6676 0.3699
vn -0.5329 -0.7736 0.3428
vn -0.5086 -0.8116 0.2877
vn -0.5467 -0.8065 0.2249
vn -0.4563 -0.8200 0.3455
vn -0.5053 -0.7644 0.4004
vn -0.3729 -0.8138 0.4458
vn -0.3604 -0.8357 0.4143
vn -0.3928 -0.8420 0.3698
vn -0.2534 -0.8457 0.4696
vn -0.1791 -0.8250 0.5360
vn -0.2683 -0.8492 0.4549
vn -0.1047 -0.8042 0.5850
vn -0.2915 -0.8025 0.5206
vn -0.0413 -0.7893 0.6127
vn -0.2830 -0.7213 0.6322
vn 0.0264 -0.7171 0.6965
vn -0.2733 -0.5942 0.7565
vn 0.0561 -0.6067 0.7929
vn -0.2538 -0.3780 0.8903
vn 0.0659 -0.3948 0.9164
vn -0.2783 -0.0838 0.9568
vn 0.0672 -0.0887 0.9938
vn -0.2684 0.2523 0.9297
vn 0.0630 0.2627 0.9628
vn -0.3003 0.5024 0.8108
vn 0.0669 0.5265 0.8476
vn -0.3005 0.6515 0.6966
vn 0.0656 0.6790 0.7312
vn -0.2911 0.8316 0.4730
vn 0.0577 0.8648 0.4988
vn -0.2578 0.8968 0.3596
vn 0.0453 0.9382 0.3430
vn 0.1941 0.9255 0.3253
vn 0.3396 0.8274 0.4473
vn 0.3706 0.7844 0.4973
vn 0.0586 0.8976 0.4368
vn 0.2842 0.8187 0.4990
vn 0.5149 0.6719 0.5324
vn 0.6647 0.5915 0.4564
vn 0.6038 0.6085 0.5149
vn 0.7125 0.4423 0.5447
vn 0.6830 0.4496 0.5756
vn 0.7689 0.2776 0.5759
vn 0.8139 0.2456 0.5265
vn 0.6718 0.2538 0.6959
vn 0.5966 0.3819 0.7059
vn 0.7670 0.1409 0.6260
vn 0.7266 0.2659 0.6336
vn 0.7248 -0.0596 0.6864
vn 0.8121 -0.0010 0.5836
vn 0.6563 -0.2983 0.6930
vn 0.7471 -0.2123 0.6298
vn 0.5923 -0.3937 0.7030
vn 0.7868 -0.1256 0.6043
vn 0.7163 -0.2331 0.6577
vn 0.6124 -0.3745 0.6963
vn 0.5286 -0.4728 0.7050
vn 0.6544 -0.3169 0.6865
vn 0.7741 -0.0823 0.6277
vn 0.4235 -0.5533 0.7173
vn 0.2178 -0.7055 0.6744
vn 0.4117 -0.5831 0.7003
vn 0.2307 -0.6955 0.6805
vn 0.1087 -0.7555 0.6460
vn 0.0370 -0.7853 0.6181
vn 0.3405 -0.6428 0.6862
vn 0.2500 -0.7530 0.6087
vn -0.0709 -0.8382 0.5408
vn 0.5526 -0.4854 0.6775
vn 0.2996 -0.6367 0.7105
vn 0.8223 0.0403 0.5677
vn 0.5335 -0.3401 0.7744
vn 0.5984 -0.0835 0.7969
vn 0.3574 -0.3753 0.8553
vn 0.3786 -0.0866 0.9215
vn 0.3628 0.2403 0.9004
vn 0.5896 0.2592 0.7650
vn 0.4067 0.4661 0.7857
vn 0.3641 -0.5099 0.7794
vn -0.5480 0.7089 0.4441
vn -0.5514 0.7128 0.4335
vn -0.3856 0.7867 0.4821
vn -0.1922 0.8657 0.4622
vn -0.4542 0.5483 0.7022
vn -0.1346 0.6858 0.7153
vn -0.5636 0.6103 0.5567
vn -0.3440 0.3840 0.8568
vn -0.0561 0.5238 0.8500
vn -0.2630 0.4472 0.8549
vn 0.0187 0.5115 0.8591
vn -0.4690 0.4761 0.7439
vn -0.5913 0.2316 0.7725
vn -0.2644 0.6356 0.7254
vn 0.1426 0.6180 0.7731
vn 0.0874 0.7542 0.6509
vn -0.6305 0.3804 0.6766
vn -0.6097 0.5556 0.5653
vn -0.7303 0.4678 0.4979
vn 0.4067 0.6244 0.6668
vn -0.5798 0.5663 0.5858
vn -0.7016 0.5494 0.4537
vn -0.6630 0.2839 0.6927
vn -0.8042 0.2710 0.5290
vn -0.6828 -0.0872 0.7254
vn -0.8257 -0.0706 0.5596
vn -0.6202 -0.4204 0.6623
vn -0.7533 -0.3823 0.5352
vn -0.5862 -0.6074 0.5362
vn -0.8082 -0.3614 0.4650
vn -0.8776 -0.0582 0.4758
vn -0.8456 -0.3260 0.4227
vn -0.9045 -0.0297 0.4254
vn -0.8842 0.2590 0.3887
vn -0.8626 0.2532 0.4380
vn -0.8153 0.4339 0.3836
vn -0.8852 0.2533 0.3902
vn -0.8135 0.3836 0.4371
vn -0.7309 0.5592 0.3913
vn -0.7242 0.5721 0.3849
vn -0.7479 -0.5128 0.4216
vn -0.7470 -0.5452 0.3804
vn -0.8626 -0.3353 0.3788
vn -0.6352 -0.6560 0.4077
vn -0.9195 -0.0093 0.3931
vn -0.9205 -0.0033 0.3907
vn -0.8962 0.1846 0.4034
vn -0.5371 -0.0904 0.8387
vn -0.4697 -0.4202 0.7764
vn -0.5208 0.2830 0.8054
vn -0.4437 -0.7272 0.5238
vn -0.5536 -0.7088 0.4372
vn -0.9030 -0.4160 0.1071
vn -0.9725 -0.1433 0.1836
vn -0.8790 0.2170 0.4247
vn -0.8920 0.3030 0.3353
vn -0.5187 0.8525 0.0648
vn -0.4584 0.7926 0.4020
vn -0.2395 0.9036 0.3551
vn -0.2635 0.9627 0.0624
vn -0.2618 0.7740 0.5766
vn 0.0805 0.9254 0.3703
vn 0.0968 0.7925 0.6022
vn 0.0782 0.6690 0.7391
vn 0.3140 0.8309 0.4594
vn 0.0635 0.9942 0.0867
vn 0.3338 0.9336 0.1300
vn 0.4002 0.8760 0.2692
vn 0.4027 0.7932 0.4569
vn 0.4670 0.8656 0.1808
vn -0.2845 0.9328 -0.2214
vn -0.0036 0.9932 -0.1167
vn -0.9030 0.4094 0.1304
vn -0.7203 -0.6798 -0.1382
vn -0.7821 -0.6216 0.0440
vn -0.6710 -0.7415 0.0029
vn -0.5933 -0.7846 -0.1798
vn -0.5182 -0.8521 -0.0739
vn -0.1367 -0.9482 -0.2868
vn -0.2978 -0.9544 0.0211
vn -0.2155 -0.7449 -0.6314
vn -0.1114 -0.6775 -0.7270
vn -0.4640 -0.8707 -0.1629
vn -0.5207 -0.8511 0.0674
vn -0.3189 -0.8889 -0.3289
vn -0.3783 -0.8590 -0.3449
vn -0.2913 -0.8105 -0.5082
vn 0.6613 -0.7408 0.1180
vn 0.6961 -0.6662 0.2678
vn 0.7205 -0.1156 0.6838
vn 0.7007 -0.0864 0.7082
vn 0.7670 0.0360 0.6406
vn 0.6692 0.0003 0.7431
vn 0.6647 -0.5135 0.5427
vn 0.6213 -0.5679 0.5399
vn 0.4422 -0.7265 0.5260
vn 0.5541 -0.6076 0.5690
vn 0.2047 -0.8722 0.4442
vn 0.7719 -0.4050 0.4900
vn 0.7701 -0.4094 0.4891
vn 0.8523 -0.2639 0.4515
vn 0.9014 -0.1488 0.4066
vn 0.9365 -0.0372 0.3487
vn 0.9565 0.0814 0.2802
vn 0.9546 0.1864 0.2322
vn 0.8880 -0.1180 0.4445
vn 0.9068 0.0694 0.4159
vn 0.8713 0.2239 0.4367
vn 0.8792 0.3920 0.2708
vn 0.9136 0.3873 0.1239
vn 0.8486 0.5200 0.0972
vn 0.8306 0.0631 0.5533
vn 0.8379 -0.2305 0.4948
vn 0.8086 -0.3393 0.4806
vn 0.8220 -0.1399 0.5521
vn 0.9284 -0.0507 0.3680
vn -0.0462 -0.8781 -0.4763
vn -0.3863 -0.8587 -0.3367
vn -0.1742 -0.7479 -0.6406
vn -0.4344 -0.7548 -0.4916
vn -0.2838 -0.6054 -0.7436
vn -0.3735 -0.6044 -0.7038
vn -0.7072 -0.6509 -0.2761
vn -0.7737 -0.6061 -0.1846
vn -0.7982 -0.5559 -0.2321
vn -0.4003 -0.5972 -0.6951
vn -0.7148 -0.6939 -0.0873
vn -0.7047 -0.7036 -0.0912
vn -0.0095 -0.6796 -0.7335
vn 0.0879 -0.7278 -0.6801
vn 0.1795 -0.9655 -0.1886
vn -0.3583 -0.9161 -0.1801
vn -0.3495 -0.8365 0.4221
vn 0.1357 -0.9054 0.4022
vn 0.1747 -0.9624 -0.2079
vn 0.0737 -0.9676 0.2416
vn 0.1487 -0.8373 -0.5261
vn 0.9483 0.1777 0.2630
vn 0.8710 0.4886 -0.0516
vn 0.8079 0.5893 0.0003
vn 0.7732 0.6292 0.0797
vn 0.8727 0.4866 0.0389
vn 0.9531 0.2889 0.0905
vn 0.9265 0.3338 0.1737
vn 0.7217 0.6918 0.0247
vn 0.7318 0.5754 0.3652
vn 0.4049 0.8345 0.3737
vn 0.3602 0.7425 0.5647
vn 0.2300 0.7597 0.6082
vn 0.2250 0.6763 0.7014
vn 0.4188 0.7066 0.5704
vn 0.6236 0.6349 0.4561
vn -0.1954 0.9651 -0.1744
vn -0.5084 0.8489 -0.1447
vn -0.6040 0.7855 -0.1348
vn -0.5893 0.7692 -0.2469
vn -0.4528 0.8400 -0.2991
vn -0.6144 0.7108 -0.3424
vn -0.6035 0.4532 -0.6560
vn -0.3948 0.8148 -0.4245
vn -0.3399 0.8796 -0.3330
vn -0.4976 0.8181 -0.2883
vn 0.2957 0.6540 0.6963
vn 0.3312 0.6087 0.7209
vn 0.3327 0.6668 0.6669
vn 0.2361 0.5490 0.8018
vt 0.594902 0.600486
vt 0.593872 0.601532
vt 0.551215 0.586546
vt 0.580623 0.555968
vt 0.587028 0.558111
vt 0.616773 0.572817
vt 0.593156 0.530553
vt 0.628022 0.547436
vt 0.275641 0.647367
vt 0.251152 0.677808
vt 0.235556 0.650373
vt 0.248588 0.633198
vt 0.250745 0.678188
vt 0.220946 0.664066
vt 0.218908 0.699385
vt 0.202174 0.675965
vt 0.192022 0.709591
vt 0.184114 0.705360
vt 0.171835 0.690826
vt 0.163837 0.695441
vt 0.158204 0.656458
vt 0.131379 0.681366
vt 0.139336 0.713304
vt 0.122263 0.691080
vt 0.124123 0.726517
vt 0.102979 0.712246
vt 0.233138 0.744390
vt 0.254271 0.757342
vt 0.248447 0.772769
vt 0.225164 0.763384
vt 0.238531 0.798905
vt 0.215331 0.787412
vt 0.232099 0.830782
vt 0.208419 0.819137
vt 0.231833 0.834087
vt 0.208041 0.823011
vt 0.893536 0.618021
vt 0.893442 0.651646
vt 0.867377 0.653236
vt 0.868042 0.619667
vt 0.853033 0.653711
vt 0.847850 0.620345
vt 0.833650 0.654079
vt 0.835252 0.620602
vt 0.793942 0.653894
vt 0.790948 0.628252
vt 0.791963 0.620512
vt 0.789800 0.620472
vt 0.834102 0.687757
vt 0.795025 0.687480
vt 0.786443 0.687241
vt 0.787854 0.653745
vt 0.762753 0.686229
vt 0.761344 0.652661
vt 0.788766 0.721102
vt 0.758799 0.720084
vt 0.726211 0.718850
vt 0.736828 0.684639
vt 0.721303 0.718654
vt 0.704599 0.699100
vt 0.713821 0.682893
vt 0.695109 0.373229
vt 0.696850 0.406435
vt 0.665346 0.382284
vt 0.724352 0.724852
vt 0.718796 0.752890
vt 0.682723 0.751843
vt 0.693964 0.717598
vt 0.730854 0.753220
vt 0.727107 0.786488
vt 0.721541 0.786387
vt 0.763060 0.787144
vt 0.755684 0.753894
vt 0.739022 0.819096
vt 0.724487 0.795251
vt 0.771576 0.801934
vt 0.760383 0.819235
vt 0.790196 0.819337
vt 0.402121 0.038680
vt 0.376059 0.051082
vt 0.360294 0.045673
vt 0.362000 0.023052
vt 0.381607 0.013499
vt 0.404969 0.028776
vt 0.412061 -0.000000
vt 0.416756 0.003758
vt 0.353599 0.653028
vt 0.380048 0.645455
vt 0.382521 0.651665
vt 0.355959 0.659103
vt 0.410508 0.626493
vt 0.425540 0.659630
vt 0.420075 0.663367
vt 0.444298 0.682188
vt 0.441239 0.684504
vt 0.819997 0.372758
vt 0.819563 0.369105
vt 0.848147 0.367570
vt 0.848159 0.380891
vt 0.879253 0.361896
vt 0.876843 0.389705
vt 0.848980 0.334482
vt 0.880532 0.347036
vt 0.848093 0.321366
vt 0.878332 0.317114
vt 0.500092 0.667111
vt 0.531432 0.645649
vt 0.550606 0.667025
vt 0.521895 0.681021
vt 0.479264 0.650429
vt 0.511137 0.620177
vt 0.518341 0.624331
vt 0.461254 0.625748
vt 0.479490 0.602040
vt 0.457233 0.630571
vt 0.477775 0.651886
vt 0.425954 0.612328
vt 0.446862 0.584183
vt 0.452656 0.587100
vt 0.459568 0.560435
vt 0.456505 0.559262
vt 0.498988 0.574298
vt 0.508673 0.558635
vt 0.470923 0.538844
vt 0.511365 0.547254
vt 0.514809 0.547609
vt 0.548077 0.585961
vt 0.506813 0.576613
vt 0.546633 0.549756
vt 0.520341 0.522946
vt 0.481616 0.516496
vt 0.405827 0.571398
vt 0.414463 0.546702
vt 0.399345 0.570588
vt 0.408128 0.545913
vt 0.372032 0.570578
vt 0.380650 0.545862
vt 0.898678 0.719424
vt 0.898678 0.753058
vt 0.871308 0.754521
vt 0.871362 0.720893
vt 0.843043 0.755176
vt 0.842448 0.721564
vt 0.836335 0.755243
vt 0.836522 0.721627
vt 0.793479 0.754850
vt 0.793148 0.721224
vt 0.788880 0.754747
vt 0.827298 0.787995
vt 0.805903 0.787829
vt 0.865690 0.781738
vt 0.868581 0.686988
vt 0.849886 0.687523
vt 0.893060 0.780275
vt 0.343900 0.604749
vt 0.370348 0.597180
vt 0.370700 0.603613
vt 0.344252 0.611181
vt 0.313274 0.796513
vt 0.304528 0.820999
vt 0.278192 0.822015
vt 0.282719 0.810541
vt 0.405951 0.606096
vt 0.287163 0.790125
vt 0.314444 0.790530
vt 0.288037 0.746068
vt 0.313932 0.744390
vt 0.314229 0.747627
vt 0.287951 0.756474
vt 0.514902 0.616766
vt 0.548590 0.588639
vt 0.561837 0.626844
vt 0.543507 0.638107
vt 0.579309 0.653053
vt 0.571631 0.657253
vt 0.611729 0.628526
vt 0.595879 0.602774
vt 0.002623 0.078271
vt 0.022558 0.044779
vt 0.044132 0.058566
vt 0.046329 0.062382
vt 0.026004 0.094566
vt 0.028971 0.037413
vt 0.057903 0.013439
vt 0.075262 0.037196
vt 0.048322 0.060156
vt 0.089906 0.065494
vt 0.086817 0.000000
vt 0.104178 0.023240
vt 0.292672 0.586290
vt 0.288717 0.616750
vt 0.262176 0.602573
vt 0.268715 0.572068
vt 0.121531 0.051013
vt 0.133082 0.016657
vt 0.150446 0.037413
vt 0.133627 0.070221
vt 0.167812 0.056974
vt 0.144383 0.073743
vt 0.138885 0.078115
vt 0.092605 0.071245
vt 0.099454 0.065754
vt 0.109950 0.104124
vt 0.127307 0.129613
vt 0.156244 0.102431
vt 0.133215 0.137776
vt 0.173600 0.128495
vt 0.154030 0.146447
vt 0.144664 0.154690
vt 0.098374 0.154171
vt 0.124013 0.132710
vt 0.115735 0.177379
vt 0.081012 0.132286
vt 0.095666 0.118329
vt 0.066660 0.108578
vt 0.631911 0.748778
vt 0.611373 0.727462
vt 0.635823 0.698303
vt 0.651517 0.721006
vt 0.128725 0.200960
vt 0.162005 0.190039
vt 0.149166 0.199438
vt 0.133080 0.210374
vt 0.165119 0.197835
vt 0.179334 0.233180
vt 0.165581 0.244225
vt 0.146196 0.245552
vt 0.150400 0.258885
vt 0.117506 0.282802
vt 0.108761 0.247562
vt 0.133197 0.282516
vt 0.121649 0.312775
vt 0.121328 0.312764
vt 0.121418 0.314047
vt 0.079549 0.335987
vt 0.080407 0.311038
vt 0.119063 0.339580
vt 0.067610 0.334105
vt 0.065480 0.309119
vt 0.073022 0.280404
vt 0.076439 0.280918
vt 0.075188 0.275846
vt 0.034930 0.269780
vt 0.053200 0.236930
vt 0.062622 0.240243
vt 0.093747 0.246608
vt 0.057863 0.230593
vt 0.086806 0.199504
vt 0.104147 0.234738
vt 0.040507 0.204476
vt 0.062162 0.182360
vt 0.083970 0.195125
vt 0.069446 0.175983
vt 0.583204 0.757685
vt 0.608165 0.731047
vt 0.626069 0.756029
vt 0.605464 0.778508
vt 0.559770 0.743953
vt 0.556256 0.735092
vt 0.589675 0.706477
vt 0.594220 0.710966
vt 0.551066 0.739688
vt 0.517264 0.722167
vt 0.541288 0.701775
vt 0.521325 0.766752
vt 0.506211 0.733846
vt 0.542463 0.791506
vt 0.530893 0.783305
vt 0.570943 0.769208
vt 0.514952 0.772184
vt 0.538254 0.794501
vt 0.507822 0.813383
vt 0.488394 0.792729
vt 0.470146 0.768723
vt 0.488242 0.752634
vt 0.445457 0.787040
vt 0.458642 0.810461
vt 0.458303 0.810643
vt 0.438259 0.791736
vt 0.409233 0.806629
vt 0.430485 0.822102
vt 0.478904 0.145481
vt 0.500056 0.137574
vt 0.509395 0.171018
vt 0.486126 0.180197
vt 0.450883 0.157771
vt 0.483017 0.181532
vt 0.486324 0.182757
vt 0.453997 0.194703
vt 0.449071 0.158607
vt 0.409195 0.178262
vt 0.433017 0.205070
vt 0.394446 0.148126
vt 0.433824 0.128716
vt 0.388935 0.114603
vt 0.408012 0.105177
vt 0.390411 0.096896
vt 0.440218 0.090624
vt 0.393522 0.077377
vt 0.410838 0.069230
vt 0.438974 0.057124
vt 0.456615 0.074517
vt 0.440840 0.090366
vt 0.343900 0.387668
vt 0.343336 0.427712
vt 0.343336 0.387501
vt 0.358411 0.723478
vt 0.384706 0.716341
vt 0.401652 0.744043
vt 0.395699 0.746892
vt 0.369363 0.746729
vt 0.413260 0.702789
vt 0.431866 0.725779
vt 0.368522 0.686474
vt 0.395637 0.677010
vt 0.343998 0.688582
vt 0.406951 0.751879
vt 0.419429 0.769385
vt 0.390287 0.784603
vt 0.373767 0.755692
vt 0.364080 0.791490
vt 0.348528 0.760705
vt 0.348946 0.760272
vt 0.440519 0.090893
vt 0.463695 0.115567
vt 0.436292 0.127578
vt 0.387077 0.152011
vt 0.359634 0.141666
vt 0.358378 0.131012
vt 0.365310 0.164014
vt 0.669344 0.751353
vt 0.671229 0.785170
vt 0.651517 0.784179
vt 0.652490 0.750483
vt 0.343900 0.177068
vt 0.380092 0.194137
vt 0.358678 0.207193
vt 0.613027 0.503606
vt 0.586791 0.503128
vt 0.592717 0.478029
vt 0.615628 0.478250
vt 0.402569 0.181754
vt 0.396107 0.214813
vt 0.614972 0.459660
vt 0.580205 0.477071
vt 0.580329 0.447235
vt 0.613347 0.444065
vt 0.644432 0.437399
vt 0.646148 0.453861
vt 0.363329 0.246235
vt 0.380616 0.234692
vt 0.402303 0.262284
vt 0.376851 0.276820
vt 0.420327 0.291218
vt 0.386533 0.308814
vt 0.430909 0.246591
vt 0.440894 0.255977
vt 0.440677 0.280828
vt 0.457485 0.272389
vt 0.449637 0.314498
vt 0.483851 0.298265
vt 0.485222 0.258856
vt 0.487422 0.296592
vt 0.488080 0.301952
vt 0.520772 0.281351
vt 0.520899 0.319114
vt 0.520830 0.320375
vt 0.490814 0.333610
vt 0.522871 0.319500
vt 0.513727 0.362568
vt 0.489238 0.362113
vt 0.459147 0.348071
vt 0.487663 0.374562
vt 0.456955 0.388214
vt 0.457425 0.348874
vt 0.416317 0.368779
vt 0.444364 0.394239
vt 0.416425 0.371235
vt 0.414886 0.369505
vt 0.396769 0.340604
vt 0.406139 0.335840
vt 0.366405 0.356942
vt 0.384054 0.386014
vt 0.383068 0.310653
vt 0.387983 0.314194
vt 0.356331 0.325093
vt 0.920629 0.273912
vt 0.928677 0.303908
vt 0.903522 0.285927
vt 0.900626 0.246894
vt 0.882941 0.259345
vt 0.343900 0.370398
vt 0.361545 0.399472
vt 0.406152 0.408469
vt 0.384943 0.423771
vt 0.806622 0.302666
vt 0.772609 0.310562
vt 0.782324 0.276922
vt 0.794645 0.273211
vt 0.790298 0.263841
vt 0.815468 0.238950
vt 0.824519 0.258755
vt 0.809892 0.227025
vt 0.779785 0.241281
vt 0.793621 0.193885
vt 0.763197 0.207869
vt 0.818663 0.175280
vt 0.833532 0.207217
vt 0.880407 0.161329
vt 0.885782 0.173287
vt 0.857540 0.193011
vt 0.847343 0.157752
vt 0.860183 0.149157
vt 0.871195 0.141696
vt 0.918002 0.150240
vt 0.890535 0.169896
vt 0.897734 0.123395
vt 0.882528 0.092322
vt 0.858172 0.108799
vt 0.890425 0.086841
vt 0.917811 0.109380
vt 0.879679 0.082006
vt 0.910883 0.072503
vt 0.876323 0.053728
vt 0.900329 0.036866
vt 0.905918 0.038563
vt 0.906182 0.032653
vt 0.817261 0.047654
vt 0.795215 0.019483
vt 0.824299 0.011169
vt 0.844003 0.038382
vt 0.841919 0.043612
vt 0.913470 0.003051
vt 0.938205 0.009073
vt 0.767656 0.034256
vt 0.789056 0.059693
vt 0.782910 0.006866
vt 0.765117 0.031693
vt 0.747993 0.016176
vt 0.775221 -0.000000
vt 0.043057 0.472389
vt 0.038224 0.472270
vt 0.046326 0.441317
vt 0.056637 0.441764
vt 0.050312 0.430771
vt 0.058011 0.413017
vt 0.087451 0.414924
vt 0.075476 0.443008
vt 0.118204 0.417801
vt 0.106855 0.446350
vt 0.149884 0.421366
vt 0.140525 0.451388
vt 0.137456 0.482302
vt 0.134689 0.485446
vt 0.100855 0.478859
vt 0.157979 0.454653
vt 0.179287 0.497145
vt 0.137446 0.486059
vt 0.177542 0.458903
vt 0.185906 0.499198
vt 0.211358 0.468368
vt 0.180790 0.504051
vt 0.197210 0.544030
vt 0.189611 0.541739
vt 0.223597 0.513184
vt 0.150854 0.530194
vt 0.162399 0.575021
vt 0.156004 0.573699
vt 0.146233 0.533789
vt 0.191002 0.550480
vt 0.115812 0.563833
vt 0.113697 0.556401
vt 0.107044 0.561340
vt 0.119131 0.603241
vt 0.079328 0.592209
vt 0.112542 0.636664
vt 0.071157 0.624564
vt 0.075799 0.597924
vt 0.116638 0.628475
vt 0.130063 0.605970
vt 0.156935 0.648289
vt 0.115528 0.637523
vt 0.157032 0.611410
vt 0.190380 0.616209
vt 0.190908 0.633258
vt 0.166113 0.650376
vt 0.205694 0.619302
vt 0.192636 0.580929
vt 0.223721 0.588600
vt 0.156724 0.579232
vt 0.064311 0.622859
vt 0.040746 0.584989
vt 0.076225 0.591365
vt 0.034951 0.617649
vt 0.007026 0.616865
vt 0.014555 0.585488
vt 0.814918 0.368100
vt 0.817569 0.399447
vt 0.787859 0.408777
vt 0.781441 0.376676
vt 0.774562 0.411629
vt 0.775447 0.377716
vt 0.789945 0.440011
vt 0.781797 0.441798
vt 0.788328 0.449988
vt 0.819563 0.430662
vt 0.813640 0.456467
vt 0.000020 0.648629
vt 0.028364 0.649723
vt 0.027957 0.674520
vt -0.000000 0.680978
vt 0.050624 0.653487
vt 0.843034 0.516326
vt 0.845485 0.519422
vt 0.818137 0.532063
vt 0.804990 0.516748
vt 0.861357 0.551748
vt 0.828041 0.552631
vt 0.000566 0.685984
vt 0.029342 0.687398
vt 0.038585 0.719479
vt 0.011297 0.723577
vt 0.069361 0.697136
vt 0.070233 0.700005
vt 0.072268 0.698141
vt 0.065021 0.656972
vt 0.096250 0.667336
vt 0.085677 0.727975
vt 0.057487 0.743422
vt 0.052146 0.741231
vt 0.054897 0.744390
vt 0.865280 0.567200
vt 0.892675 0.579057
vt 0.893284 0.584363
vt 0.868002 0.586030
vt 0.846936 0.586750
vt 0.886374 0.550055
vt 0.800656 0.552605
vt 0.835465 0.586989
vt 0.792660 0.586946
vt 0.790850 0.576921
vt 0.788886 0.586878
vt 0.756047 0.585657
vt 0.765422 0.551512
vt 0.780944 0.552170
vt 0.734841 0.447423
vt 0.702645 0.446245
vt 0.696850 0.415412
vt 0.728821 0.416694
vt 0.699557 0.380659
vt 0.731385 0.381931
vt 0.731526 0.382160
vt 0.731553 0.381929
vt 0.704439 0.355051
vt 0.050214 0.817162
vt 0.043676 0.800656
vt 0.069361 0.790766
vt 0.076918 0.814889
vt 0.023179 0.819402
vt 0.017876 0.801426
vt 0.057215 0.851386
vt 0.027953 0.853407
vt 0.056027 0.884803
vt 0.026849 0.886831
vt 0.634499 0.389379
vt 0.627736 0.359598
vt 0.643997 0.346343
vt 0.663138 0.348232
vt 0.083716 0.849094
vt 0.745893 0.415653
vt 0.747111 0.446712
vt 0.757001 0.619250
vt 0.741665 0.461020
vt 0.780756 0.345722
vt 0.769675 0.346872
vt 0.016266 0.549804
vt 0.025031 0.548118
vt 0.040079 0.549315
vt 0.015799 0.542803
vt 0.039861 0.547383
vt 0.046368 0.547750
vt 0.072684 0.551793
vt 0.069648 0.537172
vt 0.035319 0.507070
vt 0.065697 0.509671
vt 0.100499 0.516426
vt 0.067638 0.474157
vt 0.101976 0.515294
vt 0.102210 0.516813
vt 0.144643 0.528337
vt 0.037814 0.474856
vt 0.116834 0.675441
vt 0.184427 0.427050
vt 0.223948 0.437760
vt 0.198627 0.400611
vt 0.224133 0.407365
vt 0.213832 0.387501
vt 0.625438 0.020912
vt 0.642613 0.028451
vt 0.619968 0.064039
vt 0.614772 0.061281
vt 0.610381 0.043854
vt 0.637722 0.074032
vt 0.653163 0.034963
vt 0.656553 0.044711
vt 0.655093 0.082403
vt 0.665201 0.067929
vt 0.672680 0.091820
vt 0.678549 0.050249
vt 0.696748 0.062128
vt 0.672716 0.091839
vt 0.715687 0.077139
vt 0.691162 0.104761
vt 0.736284 0.099174
vt 0.712811 0.124083
vt 0.709938 0.123803
vt 0.751657 0.119515
vt 0.734118 0.156294
vt 0.711458 0.125521
vt 0.759118 0.130685
vt 0.775779 0.159395
vt 0.743554 0.171833
vt 0.713841 0.179635
vt 0.729049 0.218656
vt 0.709740 0.184544
vt 0.760450 0.202621
vt 0.753156 0.211324
vt 0.736753 0.233754
vt 0.723508 0.257388
vt 0.708851 0.260592
vt 0.692458 0.227347
vt 0.745556 0.252000
vt 0.720859 0.290073
vt 0.716074 0.277666
vt 0.759157 0.282848
vt 0.713587 0.291156
vt 0.680445 0.295481
vt 0.670685 0.267930
vt 0.657822 0.297304
vt 0.657617 0.269848
vt 0.635527 0.297024
vt 0.626134 0.269787
vt 0.617340 0.293927
vt 0.615066 0.267760
vt 0.590610 0.281977
vt 0.588028 0.256002
vt 0.299310 0.360861
vt 0.297730 0.333301
vt 0.324647 0.320019
vt 0.326235 0.347588
vt 0.289209 0.298513
vt 0.318112 0.292329
vt 0.289103 0.298187
vt 0.315522 0.284372
vt 0.271875 0.258632
vt 0.300781 0.250757
vt 0.263555 0.244940
vt 0.286797 0.227719
vt 0.225603 0.247082
vt 0.228354 0.245336
vt 0.242952 0.277073
vt 0.254522 0.231055
vt 0.224598 0.245319
vt 0.206443 0.293858
vt 0.196669 0.272097
vt 0.222583 0.298676
vt 0.214003 0.311965
vt 0.171088 0.319026
vt 0.185107 0.287814
vt 0.205798 0.330954
vt 0.157333 0.283355
vt 0.165242 0.317699
vt 0.167679 0.332677
vt 0.221507 0.335869
vt 0.201359 0.358472
vt 0.224046 0.364458
vt 0.505568 0.446724
vt 0.529919 0.436894
vt 0.528988 0.460189
vt 0.503823 0.458377
vt 0.489357 0.454032
vt 0.498400 0.409969
vt 0.508383 0.409686
vt 0.474554 0.448337
vt 0.482056 0.416991
vt 0.483428 0.408297
vt 0.508515 0.405894
vt 0.468695 0.464082
vt 0.446098 0.434351
vt 0.451240 0.473213
vt 0.425046 0.455540
vt 0.438793 0.438192
vt 0.417484 0.450047
vt 0.410450 0.411879
vt 0.442249 0.432205
vt 0.387014 0.425676
vt 0.454665 0.399270
vt 0.461145 0.479281
vt 0.169585 0.348221
vt 0.206321 0.382367
vt 0.169267 0.373747
vt 0.525402 0.478668
vt 0.493789 0.492864
vt 0.518088 0.496164
vt 0.493022 0.494553
vt 0.244137 0.367290
vt 0.248668 0.339736
vt 0.264316 0.339619
vt 0.266040 0.367335
vt 0.260279 0.321293
vt 0.491454 0.494011
vt 0.184662 0.763920
vt 0.180979 0.769549
vt 0.153489 0.775317
vt 0.132637 0.752851
vt 0.169867 0.744390
vt 0.290215 0.221490
vt 0.283429 0.222090
vt 0.266093 0.184055
vt 0.294985 0.184699
vt 0.301133 0.200955
vt 0.263945 0.177361
vt 0.288849 0.161923
vt 0.255207 0.142129
vt 0.282170 0.128897
vt 0.293884 0.117845
vt 0.306566 0.131145
vt 0.307854 0.140162
vt 0.277700 0.114015
vt 0.237180 0.195760
vt 0.234107 0.187513
vt 0.313191 0.171749
vt 0.163581 0.798612
vt 0.180690 0.793280
vt 0.154873 0.816575
vt 0.130548 0.810897
vt 0.169106 0.788274
vt 0.312320 0.223946
vt 0.254541 0.303276
vt 0.331319 0.259173
vt 0.329667 0.255538
vt 0.129410 0.753882
vt 0.130132 0.751076
vt 0.093801 0.768535
vt 0.101382 0.744390
vt 0.580632 0.204419
vt 0.599129 0.174662
vt 0.617788 0.188484
vt 0.596722 0.222999
vt 0.638825 0.212382
vt 0.625951 0.233391
vt 0.653230 0.233774
vt 0.627171 0.176436
vt 0.659237 0.185059
vt 0.641827 0.158805
vt 0.662463 0.181001
vt 0.614816 0.155528
vt 0.623354 0.145763
vt 0.091871 0.798182
vt 0.092217 0.787815
vt 0.103791 0.792619
vt 0.125019 0.813155
vt 0.092291 0.827917
vt 0.125494 0.808010
vt 0.126970 0.783509
vt 0.665677 0.185184
vt 0.686736 0.152310
vt 0.707458 0.180949
vt 0.686120 0.215998
vt 0.666419 0.131462
vt 0.682613 0.114296
vt 0.648133 0.119218
vt 0.672690 0.091872
vt 0.617708 0.254445
vt 0.595557 0.225824
vt 0.340358 0.304392
vt 0.571259 0.237845
vt 0.577119 0.212936
vt 0.260720 0.387501
vt 0.294506 0.381580
vt 0.475040 0.516326
vt 0.460016 0.510742
vt 0.442806 0.500338
vt 0.426067 0.487647
vt 0.663834 0.253106
vt 0.717914 0.316043
vt 0.683311 0.317114
vt 0.728046 0.315415
vt 0.676440 0.230531
vt 0.741142 0.053453
vt 0.762113 0.077072
vt 0.091878 0.857620
vt 0.091881 0.857588
vt 0.091935 0.857590
vt 0.150044 0.827821
vt 0.120429 0.842701
vt 0.660597 0.039419
vt 0.165113 0.395689
vt 0.159972 0.402882
vt 0.147178 0.394056
vt 0.618446 0.067437
vt 0.629373 0.089236
vt 0.300680 0.106606
vt 0.245128 0.415148
vt 0.227483 0.439035
vt 0.256640 0.451831
vt 0.258572 0.421407
vt 0.273180 0.074710
vt 0.266101 0.085808
vt 0.260365 0.074858
vt 0.240222 0.100203
vt 0.231459 0.083224
vt 0.248796 0.121163
vt 0.202592 0.101921
vt 0.202500 0.101905
vt 0.185179 0.076245
vt 0.214101 0.058247
vt 0.202535 0.101965
vt 0.170761 0.088883
vt 0.243008 0.049628
vt 0.278528 0.466089
vt 0.267307 0.496674
vt 0.244819 0.482427
vt 0.168187 0.424085
vt 0.134354 0.392806
vt 0.103484 0.389842
vt 0.028141 0.472646
vt 0.738348 0.023363
vt 0.828808 0.065439
vt 0.808084 0.087751
vt 0.782729 0.106087
vt 0.813050 0.096113
vt 0.785336 0.110232
vt 0.827096 0.123245
vt 0.803427 0.143028
vt 0.791780 0.317114
vt 0.756838 0.319284
vt 0.733224 0.347654
vt 0.726255 0.317362
vt 0.842930 0.091175
vt 0.914480 0.194522
vt 0.899846 0.205315
vt 0.813481 0.164236
vt 0.830337 0.163218
vt 0.785824 0.178594
vt 0.845206 0.233410
vt 0.847343 0.238245
vt 0.867085 0.221959
vt 0.872501 0.224804
vt 0.868891 0.227305
vt 0.861023 0.273785
vt 0.847343 0.241436
vt 0.836192 0.287948
vt 0.436611 0.320791
vt 0.457051 0.346218
vt 0.513467 0.363859
vt 0.122245 0.364160
vt 0.120833 0.363969
vt 0.121346 0.359300
vt 0.165447 0.347007
vt 0.165588 0.372760
vt 0.122499 0.339888
vt 0.466206 0.228444
vt 0.486407 0.240761
vt 0.445220 0.239038
vt 0.451024 0.218458
vt 0.402585 0.221433
vt 0.487679 0.218321
vt 0.515572 0.206361
vt 0.518922 0.243406
vt 0.503465 0.250325
vt 0.536438 0.198627
vt 0.544143 0.233053
vt 0.320660 0.416678
vt 0.292672 0.407821
vt 0.311069 0.387501
vt 0.337343 0.390862
vt 0.563431 0.226267
vt 0.570993 0.260778
vt 0.549183 0.269080
vt -0.000000 0.283744
vt 0.008754 0.254562
vt 0.019150 0.261650
vt 0.028877 0.289014
vt 0.027039 0.298629
vt 0.011544 0.248636
vt 0.030793 0.299995
vt 0.548744 0.269265
vt 0.519503 0.258477
vt 0.549193 0.269364
vt 0.512348 0.186292
vt 0.962074 0.244752
vt 0.972744 0.279615
vt 0.954318 0.291139
vt 0.933311 0.264911
vt 0.960572 0.235196
vt 0.914925 0.236495
vt 0.937561 0.219673
vt 0.958286 0.204139
vt 0.604287 0.397624
vt 0.587362 0.406559
vt 0.576522 0.402869
vt 0.571259 0.370715
vt 0.971110 0.194505
vt 0.994362 0.201799
vt 0.987148 0.227676
vt 0.606495 0.406698
vt 0.637556 0.401818
vt 0.949177 0.168658
vt 0.941552 0.174342
vt 1.000000 0.173160
vt 0.977016 0.148585
vt 0.035869 0.782212
vt 0.010018 0.784570
vt -0.000000 0.750047
vt 0.028646 0.747966
vt 0.624677 0.341559
vt 0.596088 0.369169
vt 0.587995 0.338104
vt 0.066691 0.780346
vt 0.064391 0.746586
vt 0.934848 0.138197
vt 0.947164 0.129747
vt 0.925309 0.104229
vt 0.971846 0.238025
vt 0.646753 0.471656
vt 0.657585 0.731518
vt 0.484819 0.107677
vt 0.330231 0.445789
vt 0.303009 0.439389
vt 0.303352 0.438966
vt 0.337343 0.433973
vt 0.424966 0.765711
vt 0.302676 0.439255
vt 0.451414 0.746093
vt 0.468195 0.731178
vt 0.557164 0.816625
vt 0.528101 0.831621
vt 0.589143 0.793351
vt 0.562971 0.812831
vt 0.570983 0.684986
vt 0.574112 0.688007
vt 0.572636 0.684159
vt 0.624239 0.677116
vt 0.590310 0.705928
vt 0.060146 0.106714
vt 0.017340 0.122236
vt 0.027218 0.221637
vt 0.089782 0.197021
vt 0.547626 0.309075
vt 0.545717 0.320229
vt 0.028950 0.323888
vt 0.183989 0.243926
vt 0.208260 0.212663
vt 0.200737 0.193879
vt 0.184425 0.150529
vt 0.063663 0.101888
vt 0.282889 0.511041
vt 0.275194 0.541565
vt 0.252568 0.527320
vt 0.234389 0.591950
vt 0.238952 0.558377
vt 0.237943 0.557963
vt 0.239029 0.555673
vt 0.231293 0.626609
vt 0.819563 0.324712
vt 0.819668 0.322640
vt 0.497792 0.700546
vt 0.487481 0.711211
vt 0.455157 0.707715
vt 0.437579 0.023716
vt 0.412152 0.034193
vt 0.818653 0.802423
vt 0.779059 0.787423
vt 0.396728 0.060907
vt 0.714344 0.818877
vt 0.664399 0.716203
vt 0.668077 0.401262
vt 0.671244 0.423009
vt 0.681968 0.785527
vt 0.895352 0.685466
vt 0.184662 0.811644
vt 0.184958 0.808736
vt 0.261303 0.791856
vt 0.254271 0.822015
vt 0.192243 0.775839
vt 0.262753 0.748664
vt 0.262196 0.764686
vt 0.553536 0.523082
vt 0.523144 0.523062
vt 0.592620 0.530373
vt 0.195017 0.656593
vt 0.618667 0.621630
vt 0.640487 0.593224
vt 0.651517 0.567906
vt 0.819563 0.338214
vt 0.234356 0.518025
vt 0.230124 0.504637
vt 0.222811 0.472527
vt 0.863769 0.787420
vt 0.577270 0.501823
vt 0.254271 0.833851
vt 0.253225 0.846857
vt 0.523574 0.516326
vt 0.526607 0.166230
vt 0.846052 0.816034
vt 0.693201 0.818570
vt 0.189586 0.710659
vt 0.157749 0.730800
vt 0.337343 0.397496
vt 0.338960 0.387501
vt 0.338960 0.421718
vt -0.000000 0.889090
vt 0.004513 0.856002
vt 0.035185 0.142143
vt 0.648546 0.321524
vt 0.627782 0.317114
vt 0.201892 0.754058
vt 0.082514 0.882508
vt 0.771077 0.540825
vt 0.792278 0.516433
vt 0.219869 0.141930
vt 0.210836 0.149858
vt 0.190936 0.166778
vt 0.222092 0.148769
vt 0.321966 0.483847
vt 0.295004 0.474269
vt 0.292672 0.445789
vt 0.321966 0.452912
vt 0.012521 0.510081
vt 0.949899 -0.000000
vt 0.289253 0.078584
vt 0.696850 0.346316
vt 0.705909 0.344226
vt 0.943374 0.010045
vt 0.935437 0.045043
vt 0.073456 0.387501
vt 0.571259 0.264959
vt 0.769688 0.311061
vt 0.075062 0.355147
vt 0.075758 0.356772
vt 0.089565 0.777695
vt 0.091871 0.744390
vt 0.839371 0.152955
vt 0.931953 0.305952
vt 0.881559 0.300405
vt -0.000000 0.086009
vt 0.577808 0.412618
vt 0.014306 0.474452
vt 0.847343 0.100523
vt 0.721818 0.036812
vt 0.343900 0.298524
s 1
f 4/1/4 3/2/3 2/3/2 1/4/1
f 5/5/5 4/1/4 1/4/1
f 4/1/4 5/5/5 6/6/6
f 6/6/6 5/5/5 8/7/8 7/8/7
f 7/9/7 8/10/8 10/11/10 9/12/9
f 10/11/10 8/10/8 12/13/12 11/14/11
f 12/13/12 14/15/14 13/16/13 11/14/11
f 14/15/14 17/17/17 16/18/16 15/19/15
f 13/16/13 14/15/14 15/19/15
f 15/19/15 16/18/16 18/20/18
f 20/21/20 15/19/15 18/20/18 19/22/19
f 18/20/18 22/23/22 21/24/21 19/22/19
f 21/24/21 22/23/22 24/25/24 23/26/23
f 22/27/22 26/28/26 25/29/25 24/30/24
f 25/29/25 28/31/28 27/32/27 24/30/24
f 27/32/27 28/31/28 30/33/30 29/34/29
f 30/33/30 32/35/32 31/36/31 29/34/29
f 31/37/31 32/38/32 34/39/34 33/40/33
f 33/40/33 34/39/34 36/41/36 35/42/35
f 36/41/36 38/43/38 37/44/37 35/42/35
f 38/43/38 41/45/41 40/46/40 39/47/39
f 37/44/37 38/43/38 39/47/39
f 39/47/39 40/46/40 42/48/42
f 38/43/38 44/49/44 43/50/43 41/45/41
f 43/50/43 46/51/46 45/52/45 41/45/41
f 45/52/45 46/51/46 48/53/48 47/54/47
f 46/51/46 50/55/50 49/56/49 48/53/48
f 48/53/48 49/56/49 52/57/52 51/58/51
f 52/57/52 55/59/55 54/60/54 53/61/53
f 51/62/51 52/63/52 53/64/53
f 56/65/56 55/59/55 52/57/52
f 56/65/56 59/66/59 58/67/58 57/68/57
f 55/59/55 56/65/56 57/68/57
f 56/65/56 60/69/60 59/66/59
f 60/69/60 62/70/62 61/71/61 59/66/59
f 64/72/64 62/70/62 60/69/60 63/73/63
f 66/74/66 65/75/65 62/70/62 64/72/64
f 68/76/68 67/77/67 66/74/66 64/72/64
f 67/77/67 68/76/68 69/78/69
f 69/79/69 68/80/68 71/81/71 70/82/70
f 73/83/73 72/84/72 69/79/69 70/82/70
f 73/83/73 75/85/75 74/86/74 72/84/72
f 75/87/75 77/88/77 76/89/76 74/90/74
f 77/88/77 80/91/80 79/92/79 78/93/78
f 76/89/76 77/88/77 78/93/78
f 78/93/78 79/92/79 82/94/82 81/95/81
f 81/96/81 82/97/82 84/98/84 83/99/83
f 83/99/83 84/98/84 86/100/86 85/101/85
f 86/100/86 84/98/84 88/102/88 87/103/87
f 88/102/88 90/104/90 89/105/89 87/103/87
f 90/106/90 92/107/92 91/108/91 89/109/89
f 92/107/92 90/106/90 94/110/94 93/111/93
f 95/112/95 92/107/92 93/111/93
f 94/110/94 97/113/97 96/114/96 93/111/93
f 99/115/99 97/113/97 94/110/94 98/116/98
f 97/113/97 99/115/99 101/117/101 100/118/100
f 102/119/102 97/113/97 100/118/100
f 104/120/104 102/119/102 100/118/100 103/121/103
f 96/114/96 102/119/102 104/120/104 105/122/105
f 107/123/107 105/122/105 104/120/104 106/124/106
f 108/125/108 107/123/107 106/124/106
f 107/123/107 108/125/108 109/126/109
f 111/127/111 110/128/110 107/123/107 109/126/109
f 112/129/112 111/127/111 109/126/109
f 107/123/107 110/128/110 105/122/105
f 113/130/113 108/125/108 106/124/106 26/131/26
f 100/118/100 115/132/115 114/133/114 103/121/103
f 114/133/114 115/132/115 117/134/117 116/135/116
f 117/134/117 119/136/119 118/137/118 116/135/116
f 118/138/118 119/139/119 121/140/121 120/141/120
f 120/141/120 121/140/121 123/142/123 122/143/122
f 123/142/123 125/144/125 124/145/124 122/143/122
f 124/145/124 125/144/125 127/146/127 126/147/126
f 127/146/127 128/148/128 50/55/50 126/147/126
f 125/144/125 129/149/129 70/150/70 127/146/127
f 121/140/121 130/151/130 123/142/123
f 132/152/132 120/141/120 122/143/122 131/153/131
f 119/139/119 133/154/133 130/151/130 121/140/121
f 130/155/130 133/156/133 135/157/135 134/158/134
f 116/159/116 118/160/118 137/161/137 136/162/136
f 138/163/138 135/157/135 133/156/133 117/134/117
f 115/132/115 138/163/138 117/134/117
f 139/164/139 114/165/114 116/159/116 136/162/136
f 106/166/106 104/167/104 103/168/103 140/169/140
f 141/170/141 93/111/93 96/114/96 105/122/105
f 110/128/110 141/170/141 105/122/105
f 141/170/141 95/112/95 93/111/93
f 141/170/141 144/171/144 143/172/143 142/173/142
f 95/112/95 141/170/141 142/173/142
f 142/173/142 143/172/143 146/174/146 145/175/145
f 147/176/147 146/174/146 143/172/143 3/2/3
f 148/177/148 147/176/147 3/2/3
f 146/178/146 147/179/147 150/180/150 149/181/149
f 151/182/151 146/178/146 149/181/149
f 150/180/150 147/179/147 152/183/152
f 150/180/150 152/183/152 154/184/154 153/185/153
f 155/186/155 150/180/150 153/185/153
f 156/187/156 155/186/155 153/185/153
f 153/185/153 154/184/154 158/188/158 157/189/157
f 157/190/157 158/191/158 160/192/160 159/193/159
f 162/194/162 157/189/157 159/195/159 161/196/161
f 164/197/164 162/194/162 161/196/161 163/198/163
f 165/199/165 164/197/164 163/198/163
f 164/197/164 165/199/165 166/200/166
f 168/201/168 167/202/167 164/197/164 166/200/166
f 169/203/169 168/201/168 166/200/166
f 156/187/156 167/202/167 168/201/168
f 171/204/171 169/203/169 166/200/166 170/205/170
f 173/206/173 171/204/171 170/205/170 172/207/172
f 174/208/174 173/206/173 172/207/172
f 173/206/173 174/208/174 175/209/175
f 177/210/177 176/211/176 173/206/173 175/209/175
f 178/212/178 177/210/177 175/209/175
f 180/213/180 179/214/179 176/211/176 177/210/177
f 181/215/181 179/214/179 180/213/180
f 183/216/183 182/217/182 180/218/180 177/219/177
f 185/220/185 178/212/178 175/209/175 184/221/184
f 186/222/186 185/220/185 184/221/184
f 185/220/185 186/222/186 187/223/187
f 187/223/187 186/222/186 189/224/189 188/225/188
f 191/226/191 190/227/190 187/223/187 188/225/188
f 190/227/190 191/226/191 192/228/192
f 194/229/194 193/230/193 190/227/190 192/228/192
f 195/231/195 194/229/194 192/228/192
f 194/229/194 195/231/195 197/232/197 196/233/196
f 196/233/196 197/232/197 198/234/198
f 200/235/200 199/236/199 196/233/196 198/234/198
f 201/237/201 200/235/200 198/234/198
f 203/238/203 202/239/202 199/236/199 200/235/200
f 202/239/202 205/240/205 204/241/204 199/236/199
f 204/241/204 205/240/205 206/242/206
f 209/243/209 208/244/208 207/245/207 206/242/206
f 205/240/205 209/243/209 206/242/206
f 207/245/207 210/246/210 206/242/206
f 207/245/207 213/247/213 212/248/212 211/249/211
f 210/246/210 207/245/207 211/249/211
f 216/250/216 215/251/215 214/252/214 212/248/212
f 213/247/213 216/250/216 212/248/212
f 214/252/214 215/251/215 183/253/183
f 218/254/218 217/255/217 215/256/215 216/257/216
f 218/254/218 221/258/221 220/259/220 219/260/219
f 222/261/222 217/255/217 218/254/218 219/260/219
f 220/259/220 221/258/221 223/262/223
f 225/263/225 224/264/224 220/259/220 223/262/223
f 227/265/227 226/266/226 225/263/225 223/262/223
f 229/267/229 228/268/228 227/265/227 223/262/223
f 221/258/221 230/269/230 229/267/229 223/262/223
f 227/265/227 228/268/228 231/270/231
f 234/271/234 233/272/233 232/273/232 231/270/231
f 228/268/228 234/271/234 231/270/231
f 232/273/232 236/274/236 235/275/235 231/270/231
f 238/276/238 236/274/236 232/273/232 237/277/237
f 240/278/240 239/279/239 238/276/238 237/277/237
f 242/280/242 239/279/239 240/278/240 241/281/241
f 244/282/244 242/283/242 241/284/241 243/285/243
f 246/286/246 244/282/244 243/285/243 245/287/245
f 243/285/243 247/288/247 245/287/245
f 249/289/249 248/290/248 246/286/246 245/287/245
f 251/291/251 248/290/248 249/289/249 250/292/250
f 253/293/253 252/294/252 248/290/248 251/291/251
f 255/295/255 254/296/254 252/294/252 253/293/253
f 256/297/256 254/296/254 255/295/255
f 257/298/257 254/296/254 256/297/256 66/299/66
f 258/300/258 257/298/257 66/299/66
f 258/300/258 261/301/261 260/302/260 259/303/259
f 257/304/257 258/305/258 259/306/259
f 261/307/261 264/308/264 263/309/263 262/310/262
f 260/311/260 261/307/261 262/310/262
f 264/308/264 266/312/266 265/313/265 263/309/263
f 268/314/268 267/315/267 266/312/266 264/308/264
f 269/316/269 268/314/268 264/308/264 261/307/261
f 263/309/263 270/317/270 262/310/262
f 273/318/273 272/319/272 271/320/271 262/310/262
f 270/317/270 273/318/273 262/310/262
f 272/319/272 275/321/275 274/322/274 259/323/259
f 271/320/271 272/319/272 259/323/259
f 274/324/274 275/325/275 276/326/276
f 274/324/274 257/298/257 259/303/259
f 260/311/260 271/320/271 259/323/259
f 253/293/253 279/327/279 278/328/278 277/329/277
f 255/295/255 253/293/253 277/329/277
f 278/328/278 279/327/279 280/330/280
f 282/331/282 278/332/278 280/333/280 281/334/281
f 281/335/281 280/330/280 284/336/284 283/337/283
f 284/338/284 286/339/286 285/340/285 283/341/283
f 287/342/287 286/343/286 284/336/284
f 285/340/285 288/344/288 283/341/283
f 288/344/288 285/340/285 290/345/290 289/346/289
f 291/347/291 288/344/288 289/346/289
f 293/348/293 292/349/292 288/344/288 291/347/291
f 289/350/289 290/351/290 295/352/295 294/353/294
f 294/353/294 295/352/295 297/354/297 296/355/296
f 300/356/300 299/357/299 298/358/298 297/354/297
f 295/352/295 300/356/300 297/354/297
f 298/358/298 299/357/299 301/359/301
f 303/360/303 298/358/298 301/359/301 302/361/302
f 301/359/301 305/362/305 304/363/304 302/361/302
f 304/363/304 306/364/306 302/361/302
f 304/363/304 308/365/308 307/366/307 306/364/306
f 307/366/307 310/367/310 309/368/309 306/364/306
f 310/367/310 307/366/307 311/369/311
f 309/368/309 310/367/310 313/370/313 312/371/312
f 309/368/309 312/371/312 314/372/314
f 317/373/317 316/374/316 315/375/315 314/372/314
f 312/371/312 317/373/317 314/372/314
f 319/376/319 315/375/315 316/374/316 318/377/318
f 320/378/320 319/376/319 318/377/318
f 319/376/319 320/378/320 321/379/321
f 323/380/323 322/381/322 319/376/319 321/379/321
f 325/382/325 323/380/323 321/379/321 324/383/324
f 327/384/327 326/385/326 323/380/323 325/382/325
f 328/386/328 327/384/327 325/382/325
f 326/385/326 327/384/327 296/355/296
f 329/387/329 327/388/327 328/389/328
f 331/390/331 329/387/329 328/389/328 330/391/330
f 333/392/333 325/382/325 324/383/324 332/393/332
f 324/383/324 335/394/335 334/395/334 332/393/332
f 332/396/332 334/397/334 337/398/337 336/399/336
f 337/398/337 338/400/338 336/399/336
f 338/400/338 340/401/340 339/402/339 336/399/336
f 342/403/342 340/401/340 338/400/338 341/404/341
f 344/405/344 342/403/342 341/404/341 343/406/343
f 346/407/346 345/408/345 342/403/342 344/405/344
f 348/409/348 347/410/347 345/411/345 346/412/346
f 349/413/349 348/409/348 346/412/346
f 348/409/348 349/413/349 350/414/350
f 352/415/352 351/416/351 348/409/348 350/414/350
f 353/417/353 352/415/352 350/414/350
f 355/418/355 353/417/353 350/414/350 354/419/354
f 357/420/357 356/421/356 353/417/353 355/418/355
f 358/422/358 357/420/357 355/418/355
f 360/423/360 357/420/357 358/422/358 359/424/359
f 362/425/362 361/426/361 360/423/360 359/424/359
f 361/426/361 362/425/362 363/427/363
f 366/428/366 365/429/365 364/430/364 363/431/363
f 362/432/362 366/428/366 363/431/363
f 364/433/364 367/434/367 363/427/363
f 369/435/369 365/429/365 366/428/366 368/436/368
f 371/437/371 365/429/365 369/435/369 370/438/370
f 373/439/373 372/440/372 371/437/371 370/438/370
f 375/441/375 372/442/372 373/443/373 374/444/374
f 373/443/373 376/445/376 374/444/374
f 379/446/379 378/447/378 377/448/377 374/444/374
f 376/445/376 379/446/379 374/444/374
f 381/449/381 380/450/380 377/448/377 378/447/378
f 383/451/383 382/452/382 380/450/380 381/449/381
f 380/450/380 382/452/382 385/453/385 384/454/384
f 386/455/386 380/450/380 384/454/384
f 385/453/385 382/452/382 387/456/387
f 389/457/389 388/458/388 385/453/385 387/456/387
f 390/459/390 389/457/389 387/456/387
f 392/460/392 389/457/389 390/459/390 391/461/391
f 393/462/393 389/457/389 392/460/392
f 395/463/395 394/464/394 393/462/393 392/460/392
f 396/465/396 395/463/395 392/460/392
f 393/462/393 394/464/394 397/466/397
f 400/467/400 399/468/399 398/469/398 397/466/397
f 394/464/394 401/470/401 400/467/400 397/466/397
f 398/469/398 399/468/399 403/471/403 402/472/402
f 402/472/402 403/471/403 404/473/404
f 403/471/403 406/474/406 405/475/405 404/473/404
f 409/476/409 408/477/408 407/478/407 405/475/405
f 406/474/406 410/479/410 409/476/409 405/475/405
f 410/479/410 406/474/406 411/480/411
f 413/481/413 412/482/412 410/479/410 411/480/411
f 414/483/414 413/481/413 411/480/411
f 414/483/414 417/484/417 416/485/416 415/486/415
f 413/481/413 414/483/414 415/486/415
f 416/485/416 417/484/417 418/487/418
f 418/487/418 417/484/417 420/488/420 419/489/419
f 417/484/417 414/483/414 421/490/421 400/467/400
f 420/488/420 417/484/417 400/467/400
f 407/478/407 408/477/408 422/491/422
f 424/492/424 423/493/423 407/478/407 422/491/422
f 425/494/425 424/492/424 422/491/422
f 424/492/424 425/494/425 427/495/427 426/496/426
f 426/497/426 427/498/427 429/499/429 428/500/428
f 428/500/428 429/499/429 431/501/431 430/502/430
f 429/499/429 433/503/433 432/504/432 431/501/431
f 433/503/433 434/505/434 432/504/432
f 433/503/433 436/506/436 435/507/435 434/505/434
f 436/508/436 438/509/438 437/510/437 435/511/435
f 437/510/437 438/509/438 439/512/439
f 435/513/435 441/514/441 440/515/440 434/516/434
f 440/515/440 441/514/441 443/517/443 442/518/442
f 441/519/441 445/520/445 444/521/444 443/522/443
f 445/520/445 447/523/447 446/524/446 444/521/444
f 446/524/446 447/523/447 448/525/448
f 448/525/448 447/523/447 450/526/450 449/527/449
f 23/26/23 451/528/451 446/524/446 448/525/448
f 451/528/451 453/529/453 452/530/452 444/521/444
f 446/524/446 451/528/451 444/521/444
f 454/531/454 452/530/452 453/529/453
f 456/532/456 452/533/452 454/534/454 455/535/455
f 456/532/456 455/535/455 457/536/457
f 444/537/444 452/533/452 456/532/456 443/517/443
f 440/515/440 442/518/442 458/538/458
f 461/539/461 460/540/460 459/541/459 458/538/458
f 442/518/442 461/539/461 458/538/458
f 459/541/459 460/540/460 462/542/462
f 459/541/459 462/542/462 464/543/464 463/544/463
f 465/545/465 459/541/459 463/544/463
f 463/546/463 464/547/464 467/548/467 466/549/466
f 470/550/470 469/551/469 468/552/468 466/549/466
f 467/548/467 470/550/470 466/549/466
f 468/552/468 469/551/469 471/553/471
f 472/554/472 469/551/469 470/550/470
f 474/555/474 473/556/473 472/557/472 470/558/470
f 476/559/476 475/560/475 473/556/473 474/555/474
f 478/561/478 477/562/477 476/559/476 474/555/474
f 479/563/479 47/564/47 477/562/477 478/561/478
f 481/565/481 480/566/480 475/567/475 476/568/476
f 53/64/53 481/565/481 476/568/476
f 467/569/467 478/561/478 474/555/474 470/558/470
f 468/552/468 482/570/482 466/549/466
f 482/570/482 483/571/483 463/546/463 466/549/466
f 462/542/462 42/48/42 479/572/479 464/543/464
f 483/571/483 465/573/465 463/546/463
f 459/541/459 465/545/465 458/538/458
f 456/532/456 457/536/457 461/539/461 442/518/442
f 443/517/443 456/532/456 442/518/442
f 485/574/485 428/500/428 430/502/430 484/575/484
f 482/570/482 468/552/468 471/553/471 430/502/430
f 431/501/431 482/570/482 430/502/430
f 427/498/427 436/506/436 433/503/433 429/499/429
f 424/492/424 426/496/426 487/576/487 486/577/486
f 488/578/488 424/492/424 486/577/486
f 487/576/487 367/579/367 486/577/486
f 489/580/489 488/578/488 486/577/486
f 439/512/439 438/509/438 425/494/425 422/491/422
f 423/493/423 424/492/424 488/578/488 490/581/490
f 491/582/491 423/493/423 490/581/490
f 492/583/492 491/582/491 490/581/490
f 494/584/494 493/585/493 492/583/492 490/581/490
f 489/580/489 494/584/494 490/581/490
f 492/583/492 493/585/493 495/586/495
f 497/587/497 386/455/386 496/588/496 495/586/495
f 493/585/493 497/587/497 495/586/495
f 496/588/496 498/589/498 495/586/495
f 499/590/499 498/589/498 496/588/496 384/454/384
f 388/458/388 499/590/499 384/454/384
f 493/585/493 494/584/494 500/591/500 375/441/375
f 497/587/497 493/585/493 375/441/375
f 449/527/449 450/526/450 408/477/408 409/476/409
f 412/482/412 501/592/501 449/527/449 409/476/409
f 410/479/410 412/482/412 409/476/409
f 407/478/407 423/493/423 405/475/405
f 405/475/405 423/493/423 491/582/491 404/473/404
f 403/471/403 399/468/399 421/490/421 411/480/411
f 406/474/406 403/471/403 411/480/411
f 498/589/498 499/590/499 398/469/398 402/472/402
f 401/470/401 420/488/420 400/467/400
f 398/469/398 499/590/499 397/466/397
f 401/470/401 394/464/394 395/463/395
f 391/461/391 390/459/390 503/593/503 502/594/502
f 502/594/502 503/593/503 505/595/505 504/596/504
f 505/595/505 506/597/506 504/596/504
f 505/598/505 509/599/509 508/600/508 507/601/507
f 506/602/506 505/598/505 507/601/507
f 511/603/511 508/600/508 509/599/509 510/604/510
f 512/605/512 511/603/511 510/604/510
f 514/606/514 511/603/511 512/605/512 513/607/513
f 514/606/514 513/607/513 515/608/515
f 518/609/518 517/610/517 516/611/516 515/608/515
f 513/607/513 518/609/518 515/608/515
f 516/611/516 517/610/517 520/612/520 519/613/519
f 520/612/520 523/614/523 522/615/522 521/616/521
f 519/613/519 520/612/520 521/616/521
f 522/615/522 523/614/523 524/617/524
f 526/618/526 525/619/525 522/615/522 524/617/524
f 527/620/527 526/618/526 524/617/524
f 526/618/526 527/620/527 529/621/529 528/622/528
f 530/623/530 526/618/526 528/622/528
f 532/624/532 531/625/531 530/623/530 528/622/528
f 534/626/534 533/627/533 532/624/532 528/622/528
f 533/627/533 534/626/534 343/406/343
f 533/627/533 535/628/535 532/624/532
f 535/628/535 538/629/538 537/630/537 536/631/536
f 532/624/532 535/628/535 536/631/536
f 538/629/538 535/628/535 539/632/539
f 541/633/541 540/634/540 538/629/538 539/632/539
f 542/635/542 541/633/541 539/632/539
f 543/636/543 540/634/540 541/633/541
f 540/634/540 543/636/543 545/637/545 544/638/544
f 537/630/537 540/634/540 544/638/544
f 545/637/545 547/639/547 546/640/546 544/638/544
f 546/640/546 547/639/547 549/641/549 548/642/548
f 549/641/549 551/643/551 550/644/550 548/642/548
f 551/643/551 553/645/553 552/646/552 550/644/550
f 553/647/553 555/648/555 554/649/554 552/650/552
f 554/649/554 555/648/555 557/651/557 556/652/556
f 557/651/557 559/653/559 558/654/558 556/652/556
f 558/654/558 559/653/559 561/655/561 560/656/560
f 561/655/561 563/657/563 562/658/562 560/656/560
f 565/659/565 564/660/564 563/657/563 561/655/561
f 566/661/566 565/659/565 561/655/561
f 563/657/563 564/660/564 567/662/567
f 568/663/568 564/660/564 565/659/565
f 570/664/570 569/665/569 565/659/565 566/661/566
f 571/666/571 570/664/570 566/661/566
f 570/664/570 571/666/571 572/667/572
f 574/668/574 573/669/573 570/664/570 572/667/572
f 575/670/575 574/668/574 572/667/572
f 577/671/577 573/669/573 574/668/574 576/672/576
f 576/672/576 574/668/574 578/673/578
f 579/674/579 575/670/575 572/667/572
f 581/675/581 575/670/575 579/674/579 580/676/580
f 583/677/583 581/678/581 580/679/580 582/680/582
f 583/677/583 582/680/582 584/681/584
f 586/682/586 585/683/585 583/677/583 584/681/584
f 588/684/588 587/685/587 586/682/586 584/681/584
f 587/685/587 589/686/589 586/682/586
f 590/687/590 585/683/585 586/682/586
f 591/688/591 588/684/588 584/681/584
f 593/689/593 588/684/588 591/688/591 592/690/592
f 595/691/595 594/692/594 593/689/593 592/690/592
f 594/692/594 595/691/595 596/693/596
f 598/694/598 597/695/597 594/692/594 596/693/596
f 599/696/599 598/694/598 596/693/596
f 318/377/318 600/697/600 597/695/597 598/694/598
f 591/688/591 601/698/601 592/690/592
f 602/699/602 581/675/581 583/700/583 585/701/585
f 580/679/580 604/702/604 603/703/603 582/680/582
f 603/703/603 604/702/604 606/704/606 605/705/605
f 604/706/604 608/707/608 607/708/607 606/709/606
f 607/708/607 608/707/608 609/710/609
f 603/703/603 605/705/605 610/711/610
f 562/712/562 613/713/613 612/714/612 611/715/611
f 560/716/560 562/712/562 611/715/611
f 613/717/613 562/658/562 614/718/614
f 613/717/613 614/718/614 616/719/616 615/720/615
f 617/721/617 613/717/613 615/720/615
f 616/719/616 619/722/619 618/723/618 615/720/615
f 619/722/619 621/724/621 620/725/620 618/723/618
f 618/723/618 620/725/620 622/726/622 507/727/507
f 623/728/623 618/723/618 507/727/507
f 622/726/622 620/725/620 624/729/624
f 626/730/626 625/731/625 619/722/619 616/719/616
f 615/720/615 618/723/618 623/728/623 627/732/627
f 628/733/628 615/734/615 627/735/627
f 628/733/628 627/735/627 629/736/629
f 567/662/567 626/730/626 616/719/616 614/718/614
f 628/733/628 617/737/617 615/734/615
f 613/717/613 617/721/617 612/738/612
f 559/653/559 630/739/630 566/661/566 561/655/561
f 631/740/631 558/654/558 560/656/560 611/741/611
f 632/742/632 631/743/631 611/715/611
f 631/743/631 632/742/632 634/744/634 633/745/633
f 633/746/633 634/747/634 636/748/636 635/749/635
f 635/749/635 636/748/636 638/750/638 637/751/637
f 637/751/637 638/750/638 639/752/639
f 638/750/638 636/748/636 641/753/641 640/754/640
f 641/753/641 643/755/643 642/756/642 640/754/640
f 645/757/645 644/758/644 643/755/643 641/753/641
f 644/759/644 645/760/645 646/761/646
f 648/762/648 647/763/647 644/759/644 646/761/646
f 649/764/649 648/762/648 646/761/646
f 650/765/650 649/764/649 646/761/646
f 640/754/640 642/756/642 651/766/651
f 642/756/642 653/767/653 652/768/652 651/766/651
f 652/768/652 531/625/531 654/769/654 651/766/651
f 643/755/643 655/770/655 653/767/653 642/756/642
f 653/767/653 655/770/655 656/771/656 521/616/521
f 525/619/525 653/767/653 521/616/521
f 655/770/655 647/772/647 657/773/657 656/771/656
f 659/774/659 658/775/658 635/749/635 637/751/637
f 636/748/636 634/747/634 645/757/645 641/753/641
f 555/648/555 607/708/607 609/710/609 557/651/557
f 660/776/660 554/649/554 556/652/556
f 554/777/554 660/778/660 658/775/658 552/646/552
f 605/779/605 606/709/606 553/647/553 551/780/551
f 552/646/552 658/775/658 659/774/659 550/644/550
f 610/711/610 605/705/605 551/781/551 549/782/549
f 550/644/550 659/774/659 548/642/548
f 592/690/592 601/698/601 547/783/547 545/784/545
f 546/640/546 661/785/661 544/638/544
f 543/636/543 595/786/595 592/787/592 545/637/545
f 596/788/596 595/786/595 543/636/543 541/633/541
f 544/638/544 661/785/661 662/789/662 536/631/536
f 537/630/537 544/638/544 536/631/536
f 662/789/662 661/785/661 639/752/639
f 525/619/525 526/618/526 530/623/530 652/768/652
f 653/767/653 525/619/525 652/768/652
f 520/612/520 664/790/664 663/791/663 523/614/523
f 656/771/656 519/613/519 521/616/521
f 522/615/522 525/619/525 521/616/521
f 657/773/657 516/611/516 519/613/519 656/771/656
f 516/792/516 657/793/657 515/794/515
f 511/795/511 514/796/514 648/762/648 629/736/629
f 627/735/627 511/795/511 629/736/629
f 512/605/512 665/797/665 518/609/518 513/607/513
f 509/798/509 666/799/666 510/800/510
f 623/801/623 508/600/508 511/603/511 627/802/627
f 665/797/665 512/605/512 510/604/510
f 622/726/622 506/803/506 507/727/507
f 668/804/668 667/805/667 502/594/502 504/596/504
f 670/806/670 667/805/667 668/804/668 669/807/669
f 668/808/668 671/809/671 669/810/669
f 671/809/671 673/811/673 672/812/672 669/810/669
f 674/813/674 673/811/673 671/809/671 624/729/624
f 673/811/673 675/814/675 672/812/672
f 678/815/678 677/816/677 676/817/676 672/812/672
f 675/814/675 678/815/678 672/812/672
f 678/815/678 675/814/675 679/818/679
f 678/815/678 680/819/680 677/816/677
f 672/812/672 676/817/676 670/820/670 669/810/669
f 676/821/676 682/822/682 681/823/681 670/806/670
f 503/593/503 390/459/390 387/456/387 683/824/683
f 385/453/385 388/458/388 384/454/384
f 380/450/380 386/455/386 497/587/497 377/448/377
f 665/825/665 381/449/381 378/447/378 518/826/518
f 377/448/377 497/587/497 375/441/375 374/444/374
f 372/442/372 500/591/500 371/827/371
f 376/828/376 373/439/373 370/438/370
f 368/436/368 366/428/366 359/829/359 684/830/684
f 663/791/663 368/436/368 684/830/684 685/831/685
f 684/830/684 687/832/687 686/833/686 685/831/685
f 686/833/686 687/832/687 354/834/354 688/835/688
f 664/790/664 369/435/369 368/436/368 663/791/663
f 361/836/361 485/574/485 484/575/484 360/837/360
f 484/575/484 690/838/690 689/839/689 360/837/360
f 359/829/359 358/840/358 687/832/687 684/830/684
f 348/409/348 351/416/351 347/410/347
f 351/416/351 692/841/692 691/842/691 347/410/347
f 693/843/693 349/844/349 346/407/346
f 694/845/694 693/843/693 346/407/346 344/405/344
f 688/835/688 693/843/693 694/845/694 529/621/529
f 534/626/534 694/845/694 344/405/344 343/406/343
f 340/401/340 696/846/696 695/847/695 339/402/339
f 696/848/696 697/849/697 695/850/695
f 695/850/695 330/391/330 333/851/333 339/852/339
f 339/402/339 333/853/333 332/396/332 336/399/336
f 321/379/321 320/378/320 335/394/335 324/383/324
f 315/375/315 319/376/319 322/381/322 698/854/698
f 699/855/699 315/375/315 698/854/698
f 303/360/303 699/855/699 698/854/698
f 316/374/316 600/697/600 318/377/318
f 315/375/315 699/855/699 314/372/314
f 316/374/316 317/373/317 589/686/589 600/697/600
f 313/370/313 700/856/700 317/373/317 312/371/312
f 700/857/700 313/858/313 701/859/701
f 702/860/702 590/861/590 700/857/700 701/859/701
f 703/862/703 702/860/702 701/859/701
f 201/237/201 703/862/703 701/859/701
f 705/863/705 704/864/704 305/362/305 301/359/301
f 299/357/299 706/865/706 705/863/705 301/359/301
f 706/865/706 707/866/707 705/863/705
f 250/292/250 707/866/707 706/865/706 300/356/300
f 708/867/708 250/292/250 300/356/300
f 709/868/709 704/864/704 705/863/705
f 709/868/709 712/869/712 711/870/711 710/871/710
f 704/864/704 709/868/709 710/871/710
f 712/869/712 714/872/714 713/873/713 711/870/711
f 714/874/714 233/875/233 715/876/715 713/877/713
f 713/873/713 715/878/715 717/879/717 716/880/716
f 715/881/715 720/882/720 719/883/719 718/884/718
f 717/885/717 715/881/715 718/884/718
f 719/883/719 720/882/720 721/886/721
f 722/887/722 717/885/717 718/884/718
f 711/870/711 713/873/713 716/880/716 723/888/723
f 724/889/724 711/870/711 723/888/723
f 716/880/716 725/890/725 723/888/723
f 726/891/726 712/869/712 709/868/709 247/288/247
f 711/870/711 724/889/724 710/871/710
f 297/354/297 298/358/298 303/360/303 698/854/698
f 728/892/728 289/893/289 294/894/294 727/895/727
f 730/896/730 728/892/728 727/895/727 729/897/729
f 731/898/731 730/896/730 729/897/729
f 730/896/730 731/898/731 732/899/732
f 734/900/734 733/901/733 730/902/730 732/903/732
f 736/904/736 735/905/735 734/906/734 732/899/732
f 737/907/737 733/901/733 734/900/734
f 481/565/481 738/908/738 737/907/737 734/900/734
f 740/909/740 736/904/736 732/899/732 739/910/739
f 742/911/742 736/904/736 740/909/740 741/912/741
f 744/913/744 743/914/743 742/915/742 741/916/741
f 743/917/743 480/566/480 735/918/735 742/919/742
f 746/920/746 744/913/744 741/916/741 745/921/745
f 741/912/741 740/909/740 747/922/747 745/923/745
f 745/923/745 747/922/747 356/421/356 689/924/689
f 747/922/747 740/909/740 739/910/739 352/415/352
f 732/899/732 731/898/731 692/841/692 739/910/739
f 730/896/730 733/925/733 728/892/728
f 288/344/288 292/349/292 281/926/281 283/341/283
f 292/927/292 282/331/282 281/334/281
f 287/342/287 279/327/279 253/293/253 251/291/251
f 249/289/249 707/866/707 250/292/250
f 287/342/287 251/291/251 250/292/250 708/867/708
f 286/343/286 287/342/287 708/867/708
f 275/325/275 272/928/272 242/283/242 244/282/244
f 243/285/243 241/284/241 726/891/726 247/288/247
f 241/929/241 240/930/240 748/931/748 726/932/726
f 239/279/239 273/318/273 749/933/749 238/276/238
f 748/931/748 240/930/240 237/934/237
f 236/274/236 750/935/750 85/936/85 235/275/235
f 233/272/233 234/271/234 720/937/720 715/938/715
f 229/267/229 230/269/230 751/939/751 721/940/721
f 224/264/224 753/941/753 752/942/752 219/260/219
f 220/259/220 224/264/224 219/260/219
f 752/942/752 753/941/753 754/943/754
f 756/944/756 755/945/755 752/942/752 754/943/754
f 151/182/151 756/946/756 754/947/754
f 752/942/752 755/945/755 219/260/219
f 230/269/230 221/258/221 218/254/218
f 751/939/751 230/269/230 218/254/218 216/257/216
f 208/244/208 751/948/751 216/250/216 213/247/213
f 214/252/214 757/949/757 212/248/212
f 205/240/205 202/239/202 722/887/722 718/884/718
f 209/243/209 205/240/205 718/884/718
f 203/950/203 200/951/200 311/369/311
f 722/887/722 202/239/202 203/238/203 725/952/725
f 197/232/197 195/231/195 577/671/577 576/672/576
f 199/236/199 204/241/204 194/229/194 196/233/196
f 577/671/577 195/231/195 192/228/192
f 758/953/758 191/226/191 188/225/188
f 568/663/568 758/953/758 188/225/188 759/954/759
f 190/227/190 193/230/193 211/249/211 187/223/187
f 188/225/188 189/224/189 760/955/760 759/954/759
f 185/220/185 757/949/757 178/212/178
f 761/956/761 174/208/174 172/207/172
f 173/206/173 176/211/176 171/204/171
f 170/205/170 680/819/680 678/815/678 679/818/679
f 172/207/172 170/205/170 679/818/679
f 181/215/181 762/957/762 168/201/168 169/203/169
f 179/214/179 181/215/181 169/203/169
f 181/215/181 756/946/756 762/957/762
f 680/819/680 165/199/165 163/198/163 677/816/677
f 163/958/163 161/959/161 763/960/763 682/822/682
f 160/192/160 765/961/765 764/962/764 159/193/159
f 764/962/764 765/961/765 419/489/419 766/963/766
f 767/964/767 764/962/764 766/963/766
f 9/12/9 768/965/768 765/961/765 160/192/160
f 756/946/756 151/182/151 149/181/149 762/957/762
f 150/180/150 155/186/155 149/181/149
f 89/109/89 91/108/91 753/941/753 224/264/224
f 98/966/98 94/967/94 90/104/90 88/102/88
f 87/968/87 89/109/89 224/264/224 225/263/225
f 85/936/85 86/969/86 226/266/226 235/275/235
f 265/313/265 266/312/266 81/95/81 83/970/83
f 266/312/266 267/315/267 78/93/78 81/95/81
f 135/157/135 77/88/77 75/87/75 134/158/134
f 76/89/76 267/315/267 268/314/268 74/90/74
f 74/86/74 268/971/268 269/972/269 72/84/72
f 129/149/129 73/973/73 70/150/70
f 70/150/70 71/974/71 128/148/128 127/146/127
f 261/301/261 258/300/258 67/975/67 69/79/69
f 269/972/269 261/301/261 69/79/69
f 71/974/71 68/76/68 64/72/64
f 256/976/256 65/75/65 66/74/66
f 67/975/67 258/300/258 66/299/66
f 62/70/62 65/75/65 61/71/61
f 58/67/58 282/331/282 292/927/292 293/977/293
f 57/68/57 58/67/58 293/977/293
f 738/908/738 54/978/54 57/979/57 293/348/293
f 59/66/59 61/71/61 277/980/277 58/67/58
f 63/73/63 60/69/60 56/65/56 52/57/52
f 49/56/49 63/73/63 52/57/52
f 50/55/50 128/148/128 63/73/63 49/56/49
f 126/147/126 50/55/50 46/51/46 43/50/43
f 44/49/44 124/145/124 126/147/126 43/50/43
f 461/539/461 37/44/37 39/47/39 460/540/460
f 34/39/34 132/152/132 131/153/131 36/41/36
f 455/535/455 33/40/33 35/42/35 457/536/457
f 32/38/32 137/981/137 132/152/132 34/39/34
f 29/34/29 31/36/31 454/982/454 453/983/453
f 28/984/28 139/164/139 136/162/136 30/985/30
f 451/986/451 27/32/27 29/34/29 453/983/453
f 26/987/26 106/166/106 140/169/140 25/988/25
f 21/24/21 23/26/23 448/525/448 449/527/449
f 501/592/501 21/24/21 449/527/449
f 21/24/21 501/592/501 19/22/19
f 412/482/412 413/481/413 20/21/20 19/22/19
f 501/592/501 412/482/412 19/22/19
f 14/989/14 112/129/112 109/126/109 17/990/17
f 1/4/1 112/129/112 14/989/14 12/991/12
f 13/16/13 769/992/769 11/14/11
f 158/191/158 7/9/7 9/12/9 160/192/160
f 10/11/10 768/965/768 9/12/9
f 4/1/4 148/177/148 3/2/3
f 143/172/143 144/171/144 2/3/2 3/2/3
f 144/171/144 111/127/111 2/3/2
f 147/176/147 148/177/148 152/993/152
f 91/108/91 92/107/92 142/173/142 145/175/145
f 308/365/308 724/889/724 723/888/723
f 8/7/8 5/5/5 1/4/1 12/991/12
f 109/126/109 108/125/108 113/130/113 17/990/17
f 131/153/131 44/49/44 38/43/38 36/41/36
f 154/994/154 6/6/6 7/8/7 158/995/158
f 164/197/164 167/202/167 162/194/162
f 11/14/11 769/992/769 416/485/416 418/487/418
f 768/965/768 10/11/10 11/14/11 418/487/418
f 20/21/20 413/481/413 415/486/415
f 765/961/765 768/965/768 418/487/418 419/489/419
f 421/490/421 399/468/399 400/467/400
f 487/996/487 426/497/426 428/500/428 485/574/485
f 763/960/763 771/997/771 770/998/770 681/823/681
f 682/822/682 763/960/763 681/823/681
f 770/998/770 771/997/771 396/465/396
f 767/964/767 771/997/771 763/960/763
f 770/998/770 772/999/772 681/823/681
f 509/798/509 505/595/505 503/593/503 683/824/683
f 666/799/666 509/798/509 683/824/683
f 383/451/383 666/799/666 683/824/683
f 80/91/80 138/163/138 101/117/101
f 138/163/138 80/91/80 77/88/77 135/157/135
f 79/92/79 80/91/80 101/117/101 99/115/99
f 267/315/267 76/89/76 78/93/78
f 72/84/72 269/972/269 69/79/69
f 84/98/84 82/97/82 98/966/98 88/102/88
f 750/935/750 265/313/265 83/970/83 85/936/85
f 276/326/276 275/325/275 244/282/244 246/286/246
f 101/117/101 138/163/138 115/132/115 100/118/100
f 133/156/133 119/136/119 117/134/117
f 134/1000/134 129/149/129 125/144/125 123/142/123
f 130/151/130 134/1000/134 123/142/123
f 97/113/97 102/119/102 96/114/96
f 128/148/128 71/974/71 64/72/64 63/73/63
f 753/941/753 91/108/91 145/175/145 754/943/754
f 285/340/285 286/339/286 708/1001/708 290/345/290
f 103/168/103 114/165/114 139/164/139 140/169/140
f 136/1002/136 137/1003/137 32/35/32 30/33/30
f 122/143/122 124/145/124 44/49/44 131/153/131
f 113/130/113 16/1004/16 17/990/17
f 40/46/40 45/52/45 47/54/47 479/572/479
f 42/48/42 40/46/40 479/572/479
f 475/567/475 480/566/480 743/917/743
f 263/309/263 265/313/265 750/935/750 749/933/749
f 270/317/270 263/309/263 749/933/749
f 271/320/271 260/311/260 262/310/262
f 749/933/749 750/935/750 236/274/236 238/276/238
f 272/319/272 273/318/273 239/279/239 242/280/242
f 748/1005/748 714/872/714 712/869/712 726/891/726
f 82/94/82 79/92/79 99/115/99 98/116/98
f 134/1000/134 75/1006/75 73/973/73 129/149/129
f 65/75/65 256/976/256 255/1007/255 277/980/277
f 61/71/61 65/75/65 277/980/277
f 280/330/280 279/327/279 287/342/287 284/336/284
f 207/245/207 208/244/208 213/247/213
f 723/888/723 725/890/725 203/950/203 311/369/311
f 307/366/307 308/365/308 723/888/723 311/369/311
f 706/865/706 299/357/299 300/356/300
f 113/1008/113 26/1009/26 22/23/22 18/20/18
f 16/1010/16 113/1011/113 18/1012/18
f 35/42/35 37/44/37 461/539/461 457/536/457
f 54/60/54 55/59/55 57/68/57
f 737/907/737 738/908/738 293/348/293 291/347/291
f 140/169/140 139/164/139 28/984/28 25/988/25
f 137/981/137 118/138/118 120/141/120 132/152/132
f 45/52/45 40/46/40 41/45/41
f 111/127/111 144/171/144 141/170/141 110/128/110
f 47/564/47 48/1013/48 51/1014/51 477/562/477
f 755/1015/755 756/946/756 181/215/181 180/213/180
f 182/217/182 222/261/222 755/945/755 180/218/180
f 473/1016/473 475/567/475 743/917/743 744/1017/744
f 24/30/24 27/32/27 451/986/451 23/1018/23
f 454/534/454 31/37/31 33/40/33 455/535/455
f 460/540/460 39/47/39 42/48/42 462/542/462
f 13/16/13 15/19/15 20/21/20 415/486/415
f 769/992/769 13/16/13 415/486/415
f 464/1019/464 479/563/479 478/561/478 467/569/467
f 472/557/472 473/556/473 744/913/744 746/920/746
f 447/523/447 445/520/445 437/510/437 439/512/439
f 450/526/450 447/523/447 439/512/439
f 437/510/437 445/520/445 441/519/441 435/511/435
f 458/538/458 465/545/465 483/1020/483 432/1021/432
f 434/516/434 440/515/440 458/538/458 432/1021/432
f 408/477/408 450/526/450 439/512/439 422/491/422
f 425/494/425 438/509/438 436/508/436 427/495/427
f 432/504/432 483/571/483 482/570/482 431/501/431
f 430/502/430 471/553/471 690/838/690 484/575/484
f 156/187/156 153/185/153 157/189/157 162/194/162
f 167/202/167 156/187/156 162/194/162
f 166/200/166 165/199/165 680/819/680 170/205/170
f 761/956/761 172/207/172 679/818/679 773/1022/773
f 774/1023/774 761/956/761 773/1022/773
f 761/956/761 774/1023/774 775/1024/775
f 775/1024/775 774/1023/774 776/1025/776 625/731/625
f 760/955/760 775/1024/775 625/731/625
f 776/1025/776 774/1023/774 773/1022/773
f 621/724/621 776/1025/776 773/1022/773 674/813/674
f 760/955/760 189/224/189 184/221/184 775/1024/775
f 590/861/590 702/860/702 602/699/602 585/701/585
f 602/699/602 702/860/702 578/673/578
f 159/193/159 764/962/764 767/964/767 763/960/763
f 161/959/161 159/193/159 763/960/763
f 677/1026/677 163/1027/163 682/1028/682 676/1029/676
f 679/818/679 675/814/675 673/811/673 674/813/674
f 773/1022/773 679/818/679 674/813/674
f 770/998/770 396/465/396 392/460/392 391/461/391
f 772/999/772 770/998/770 391/461/391
f 388/458/388 389/457/389 393/462/393 397/466/397
f 499/590/499 388/458/388 397/466/397
f 364/1030/364 494/584/494 489/580/489 486/577/486
f 367/434/367 364/433/364 486/1031/486
f 667/805/667 772/999/772 391/461/391 502/594/502
f 624/729/624 671/809/671 668/808/668 504/1032/504
f 506/803/506 622/726/622 624/729/624 504/1032/504
f 508/600/508 623/801/623 507/601/507
f 647/763/647 648/762/648 514/796/514 515/794/515
f 657/793/657 647/763/647 515/794/515
f 2/3/2 111/127/111 112/129/112 1/4/1
f 477/1033/477 51/62/51 53/64/53 476/568/476
f 149/181/149 155/186/155 156/187/156 168/201/168
f 762/957/762 149/181/149 168/201/168
f 175/209/175 174/208/174 761/956/761 775/1024/775
f 184/221/184 175/209/175 775/1024/775
f 421/490/421 414/483/414 411/480/411
f 469/551/469 472/554/472 746/1034/746 690/838/690
f 471/553/471 469/551/469 690/838/690
f 767/964/767 766/963/766 395/463/395 396/465/396
f 771/997/771 767/964/767 396/465/396
f 356/421/356 747/922/747 352/415/352 353/417/353
f 620/725/620 621/724/621 674/813/674 624/729/624
f 539/632/539 535/628/535 533/627/533 343/406/343
f 341/404/341 539/632/539 343/406/343
f 488/578/488 489/580/489 490/581/490
f 487/1035/487 485/1036/485 361/426/361 363/427/363
f 367/434/367 487/1035/487 363/427/363
f 500/591/500 372/442/372 375/441/375
f 366/428/366 362/432/362 359/829/359
f 518/826/518 378/447/378 379/446/379 517/1037/517
f 523/614/523 663/791/663 685/831/685 524/617/524
f 235/275/235 226/266/226 227/265/227 231/270/231
f 273/318/273 270/317/270 749/933/749
f 248/290/248 252/294/252 276/326/276 246/286/246
f 234/271/234 228/268/228 229/267/229
f 233/875/233 714/874/714 748/931/748 237/934/237
f 232/273/232 233/272/233 237/277/237
f 245/287/245 247/288/247 709/868/709 705/863/705
f 707/866/707 249/289/249 245/287/245 705/863/705
f 719/883/719 209/243/209 718/884/718
f 716/880/716 717/879/717 722/1038/722 725/890/725
f 92/107/92 95/112/95 142/173/142
f 277/980/277 278/332/278 282/331/282 58/67/58
f 217/255/217 222/261/222 182/217/182
f 290/351/290 708/867/708 300/356/300 295/352/295
f 193/230/193 210/246/210 211/249/211
f 703/862/703 201/237/201 198/234/198
f 302/361/302 306/364/306 309/368/309 314/372/314
f 699/855/699 303/360/303 302/361/302 314/372/314
f 416/485/416 769/992/769 415/486/415
f 735/918/735 480/566/480 481/565/481 734/900/734
f 692/841/692 731/898/731 729/897/729 691/842/691
f 729/897/729 331/390/331 697/849/697 691/842/691
f 759/954/759 760/955/760 625/731/625 626/730/626
f 337/398/337 334/397/334 599/1039/599 542/635/542
f 755/945/755 222/261/222 219/260/219
f 254/296/254 257/298/257 274/324/274 276/326/276
f 252/294/252 254/296/254 276/326/276
f 720/937/720 234/271/234 229/267/229 721/940/721
f 305/362/305 704/864/704 710/871/710
f 212/248/212 757/949/757 185/220/185 187/223/187
f 211/249/211 212/248/212 187/223/187
f 206/242/206 210/246/210 193/230/193 194/229/194
f 204/241/204 206/242/206 194/229/194
f 311/1040/311 200/235/200 201/237/201 701/859/701
f 313/858/313 310/1041/310 311/1040/311 701/859/701
f 148/177/148 4/1/4 6/6/6 154/994/154
f 152/993/152 148/177/148 154/994/154
f 53/64/53 54/978/54 738/908/738 481/565/481
f 176/211/176 179/214/179 169/203/169 171/204/171
f 189/224/189 186/222/186 184/221/184
f 570/664/570 573/669/573 569/665/569
f 587/685/587 588/684/588 593/689/593
f 419/489/419 420/488/420 401/470/401 395/463/395
f 766/963/766 419/489/419 395/463/395
f 690/1042/690 746/920/746 745/921/745 689/1043/689
f 681/823/681 772/999/772 667/805/667 670/806/670
f 350/1044/350 349/844/349 693/843/693 688/835/688
f 354/834/354 350/1044/350 688/835/688
f 625/731/625 776/1025/776 621/724/621 619/722/619
f 612/714/612 650/765/650 632/742/632 611/715/611
f 662/789/662 654/769/654 536/631/536
f 226/266/226 86/969/86 87/968/87 225/263/225
f 296/1045/296 327/388/327 329/387/329 727/895/727
f 294/894/294 296/1045/296 727/895/727
f 208/244/208 209/243/209 719/883/719 721/886/721
f 751/948/751 208/244/208 721/886/721
f 308/365/308 304/363/304 305/362/305 710/871/710
f 724/889/724 308/365/308 710/871/710
f 317/373/317 700/856/700 590/687/590 586/682/586
f 589/686/589 317/373/317 586/682/586
f 335/394/335 320/378/320 318/377/318 598/694/598
f 735/905/735 736/904/736 742/911/742
f 727/895/727 329/387/329 331/390/331 729/897/729
f 330/391/330 328/389/328 325/1046/325 333/851/333
f 630/739/630 571/666/571 566/661/566
f 334/395/334 335/394/335 598/694/598 599/696/599
f 404/473/404 491/582/491 492/583/492 495/586/495
f 498/589/498 402/472/402 404/473/404 495/586/495
f 689/924/689 356/421/356 357/420/357 360/423/360
f 691/842/691 697/849/697 696/848/696 345/411/345
f 347/410/347 691/842/691 345/411/345
f 685/831/685 686/833/686 527/620/527 524/617/524
f 634/744/634 632/742/632 650/765/650 646/761/646
f 645/760/645 634/744/634 646/761/646
f 639/752/639 638/750/638 640/754/640 651/766/651
f 654/769/654 662/789/662 639/752/639 651/766/651
f 338/400/338 337/398/337 542/635/542 539/632/539
f 341/404/341 338/400/338 539/632/539
f 145/1047/145 146/178/146 151/182/151 754/947/754
f 737/907/737 291/347/291 289/346/289 728/1048/728
f 733/901/733 737/907/737 728/1048/728
f 214/252/214 183/253/183 177/210/177 178/212/178
f 757/949/757 214/252/214 178/212/178
f 326/385/326 322/381/322 323/380/323
f 569/665/569 758/953/758 568/663/568 565/659/565
f 575/670/575 581/675/581 602/699/602 578/673/578
f 574/668/574 575/670/575 578/673/578
f 594/692/594 597/695/597 593/689/593
f 739/910/739 692/841/692 351/416/351 352/415/352
f 345/408/345 696/846/696 340/401/340 342/403/342
f 562/658/562 563/657/563 567/662/567 614/718/614
f 538/629/538 540/634/540 537/630/537
f 496/588/496 386/455/386 384/454/384
f 494/584/494 364/1030/364 365/1049/365 371/827/371
f 500/591/500 494/584/494 371/827/371
f 687/832/687 358/840/358 355/1050/355 354/834/354
f 383/451/383 381/449/381 665/825/665 510/800/510
f 666/799/666 383/451/383 510/800/510
f 517/610/517 379/1051/379 664/790/664 520/612/520
f 527/620/527 686/833/686 688/835/688 529/621/529
f 648/762/648 649/764/649 629/736/629
f 530/623/530 531/625/531 652/768/652
f 215/256/215 217/255/217 182/217/182 183/216/183
f 698/854/698 322/381/322 326/385/326 296/355/296
f 297/354/297 698/854/698 296/355/296
f 192/228/192 191/226/191 758/953/758 569/665/569
f 573/669/573 577/671/577 192/228/192 569/665/569
f 198/234/198 197/232/197 576/672/576 578/673/578
f 702/860/702 703/862/703 198/234/198 578/673/578
f 600/697/600 589/686/589 587/685/587 593/689/593
f 597/695/597 600/697/600 593/689/593
f 572/667/572 571/666/571 630/739/630 609/710/609
f 608/707/608 579/674/579 572/667/572 609/710/609
f 579/674/579 608/707/608 604/706/604 580/676/580
f 584/681/584 582/680/582 603/703/603 610/711/610
f 601/698/601 591/688/591 584/681/584 610/711/610
f 697/849/697 331/390/331 330/391/330 695/850/695
f 568/663/568 759/954/759 626/730/626 567/662/567
f 564/660/564 568/663/568 567/662/567
f 542/635/542 599/1039/599 596/788/596 541/633/541
f 609/710/609 630/739/630 559/653/559 557/651/557
f 606/709/606 607/708/607 555/648/555 553/647/553
f 547/783/547 601/698/601 610/711/610 549/782/549
f 387/456/387 382/452/382 383/451/383 683/824/683
f 664/790/664 379/1051/379 376/828/376 370/438/370
f 369/435/369 664/790/664 370/438/370
f 529/621/529 694/845/694 534/626/534 528/622/528
f 612/714/612 617/737/617 628/733/628 629/736/629
f 649/764/649 650/765/650 612/714/612 629/736/629
f 644/758/644 647/772/647 655/770/655 643/755/643
f 654/769/654 531/625/531 532/624/532 536/631/536
f 556/652/556 558/654/558 631/740/631 633/1052/633
f 660/776/660 556/652/556 633/1052/633
f 658/775/658 660/778/660 633/746/633 635/749/635
f 548/642/548 659/774/659 637/751/637 639/752/639
f 661/785/661 546/640/546 548/642/548 639/752/639
